Bundle ID	Type	Directory GUID	Path
group.com.apple.notes.import	AppGroup	000C5015-6A8D-4A91-AA67-EACE60D67213	\\?\R:\temp\private\var\mobile\Containers\Shared\AppGroup
group.com.apple.calendar	AppGroup	0125C6DD-6CEB-42FA-AE0C-E06A447F7583	\\?\R:\temp\private\var\mobile\Containers\Shared\AppGroup
group.com.apple.news	AppGroup	100EC6CC-B893-479D-978F-E74EB79B7ACE	\\?\R:\temp\private\var\mobile\Containers\Shared\AppGroup
group.com.apple.mobileslideshow.PhotosFileProvider	AppGroup	14321BCA-9031-4073-A6AB-81B9A7D3E398	\\?\R:\temp\private\var\mobile\Containers\Shared\AppGroup
	AppGroup	203540AA-75BF-4358-8365-E4F7FEFAD39E	\\?\R:\temp\private\var\mobile\Containers\Shared\AppGroup
com.apple.PreviewLegacySignaturesConversion	AppGroup	22F316AD-135F-4D4D-B246-2F48822FC5A0	\\?\R:\temp\private\var\mobile\Containers\Shared\AppGroup
group.com.apple.FileProvider.ReadOnly	AppGroup	23B73B1B-BC54-47D0-BC82-B43068BF9EC4	\\?\R:\temp\private\var\mobile\Containers\Shared\AppGroup
group.com.apple.safari	AppGroup	3533B6FC-8AC4-4579-81B8-D41B6AE78E17	\\?\R:\temp\private\var\mobile\Containers\Shared\AppGroup
group.com.apple.DocumentManager	AppGroup	44942AA3-4F1A-4C3D-8A20-2018F4494DC7	\\?\R:\temp\private\var\mobile\Containers\Shared\AppGroup
group.com.apple.tips	AppGroup	52BCA409-E62C-45A0-A6C5-5DF44A23119D	\\?\R:\temp\private\var\mobile\Containers\Shared\AppGroup
group.com.apple.iBooks	AppGroup	6167FBAD-1856-4BAA-80E3-E9A7964EE1E9	\\?\R:\temp\private\var\mobile\Containers\Shared\AppGroup
group.com.apple.Photos.PhotosFileProvider	AppGroup	632B73FA-BE7C-430C-A546-D33D55582122	\\?\R:\temp\private\var\mobile\Containers\Shared\AppGroup
group.com.apple.Maps	AppGroup	656040C0-597E-4642-B1E4-279BEA84B237	\\?\R:\temp\private\var\mobile\Containers\Shared\AppGroup
group.com.apple.Music	AppGroup	6C78273A-611A-47F8-BC3D-A57823DB045E	\\?\R:\temp\private\var\mobile\Containers\Shared\AppGroup
group.com.apple.suggestions.mail-intelligence	AppGroup	759A6FF7-3EC2-4F8A-8D9D-EEFE7F420385	\\?\R:\temp\private\var\mobile\Containers\Shared\AppGroup
group.com.apple.reminders	AppGroup	7998DA1D-78B0-41FF-813B-E7E2BD98E883	\\?\R:\temp\private\var\mobile\Containers\Shared\AppGroup
group.com.apple.filesystems	AppGroup	83E82521-DF1D-4EF9-95F2-D079F0F01A1C	\\?\R:\temp\private\var\mobile\Containers\Shared\AppGroup
com.apple.Home.group	AppGroup	9014E326-B545-461F-88BD-CC1683EE6FE3	\\?\R:\temp\private\var\mobile\Containers\Shared\AppGroup
group.is.workflow.shortcuts	AppGroup	94818A25-E7C6-4804-9252-A85CACAF0B2B	\\?\R:\temp\private\var\mobile\Containers\Shared\AppGroup
group.com.apple.weather	AppGroup	9A497DC7-CEE3-4EDF-BD9F-7A023E75E2B6	\\?\R:\temp\private\var\mobile\Containers\Shared\AppGroup
group.com.apple.icloud.fm	AppGroup	9D6F1124-B7A3-4850-B1A9-E1906312D32F	\\?\R:\temp\private\var\mobile\Containers\Shared\AppGroup
group.com.apple.mail	AppGroup	A05A9165-B96E-427D-AF29-ABB993FBBE7D	\\?\R:\temp\private\var\mobile\Containers\Shared\AppGroup
com.apple.MailPersonaStorage	AppGroup	AADC3074-2E74-4E57-8912-1C82B4F17568	\\?\R:\temp\private\var\mobile\Containers\Shared\AppGroup
group.com.apple.FileProvider.LocalStorage	AppGroup	AC501CFF-1AC0-4015-9B88-BC771CA6A225	\\?\R:\temp\private\var\mobile\Containers\Shared\AppGroup
243LU875E5.groups.com.apple.podcasts	AppGroup	AF0D4021-6D40-4BAF-87C8-CAFF9995F60E	\\?\R:\temp\private\var\mobile\Containers\Shared\AppGroup
group.com.apple.stocks	AppGroup	BCA0A440-2126-486D-8BCE-EE090B6F3A38	\\?\R:\temp\private\var\mobile\Containers\Shared\AppGroup
group.is.workflow.my.app	AppGroup	C2714D1B-F3B6-4642-8DB3-08A0192D7AE9	\\?\R:\temp\private\var\mobile\Containers\Shared\AppGroup
group.com.apple.VoiceMemos.shared	AppGroup	CC59B4A8-B83D-454B-81D4-1D2FD19E4857	\\?\R:\temp\private\var\mobile\Containers\Shared\AppGroup
group.com.apple.ip.redirects	AppGroup	EFC897E0-2757-400B-8EDC-EBE530D6ED71	\\?\R:\temp\private\var\mobile\Containers\Shared\AppGroup
group.com.apple.stocks-news	AppGroup	F00557C1-2022-4CA8-8249-BFF21D644641	\\?\R:\temp\private\var\mobile\Containers\Shared\AppGroup
group.com.apple.weather.internal	AppGroup	F76E5F61-530E-4BA4-B4CA-21CA366BB55D	\\?\R:\temp\private\var\mobile\Containers\Shared\AppGroup
group.com.apple.notes	AppGroup	FDC75CDD-B492-4C46-ABB7-9C0CACBDE1BC	\\?\R:\temp\private\var\mobile\Containers\Shared\AppGroup
com.apple.WorkflowKit.ShortcutsIntents	PluginKitPlugin	002A02DD-C5B7-4725-9BB6-522477794C1D	\\?\R:\temp\private\var\mobile\Containers\Data\PluginKitPlugin
com.apple.DocumentManagerUICore.Service	PluginKitPlugin	00C0048E-8DDF-4500-BBB6-079FC409F854	\\?\R:\temp\private\var\mobile\Containers\Data\PluginKitPlugin
com.apple.mobilecal.CalendarWidgetExtension	PluginKitPlugin	00DCF0F8-BF44-4DA7-8ABE-36A51BBB6BE8	\\?\R:\temp\private\var\mobile\Containers\Data\PluginKitPlugin
com.apple.Translate.CacheDeleteExtension	PluginKitPlugin	01EBA9EE-5A05-4882-BD0C-C89141D26240	\\?\R:\temp\private\var\mobile\Containers\Data\PluginKitPlugin
com.apple.ActionKit.BundledIntentHandler	PluginKitPlugin	020AAB22-D6F1-47E7-B397-8CB4C5EEFB89	\\?\R:\temp\private\var\mobile\Containers\Data\PluginKitPlugin
com.apple.SeymourServices.diagnosticextension	PluginKitPlugin	02854D19-AE37-4A70-88E8-A81A362C8F43	\\?\R:\temp\private\var\mobile\Containers\Data\PluginKitPlugin
com.apple.DiagnosticExtensions.Sandbox	PluginKitPlugin	02993166-7149-40F9-8FF5-0CE027DD58E5	\\?\R:\temp\private\var\mobile\Containers\Data\PluginKitPlugin
com.apple.DiagnosticExtensions.DataAccess	PluginKitPlugin	0337AFD0-E16F-4845-AEE0-0B68E0981EA1	\\?\R:\temp\private\var\mobile\Containers\Data\PluginKitPlugin
com.apple.Music.MusicWidgets	PluginKitPlugin	040D5BB6-5A45-4243-A4D2-090597EEF090	\\?\R:\temp\private\var\mobile\Containers\Data\PluginKitPlugin
com.apple.MediaPlayer.DiagnosticExtension	PluginKitPlugin	04FB9EB6-B591-4620-A90E-8A2EF5B54009	\\?\R:\temp\private\var\mobile\Containers\Data\PluginKitPlugin
com.apple.CoreCDPUI.CDPFollowUpExtension	PluginKitPlugin	06C7F633-B0C9-4409-9B2C-09F448386EF7	\\?\R:\temp\private\var\mobile\Containers\Data\PluginKitPlugin
com.apple.ibooks.BookLibrary.BooksDiagnosticExtension	PluginKitPlugin	077F4259-9CB9-456B-ACA6-D0937E839BB7	\\?\R:\temp\private\var\mobile\Containers\Data\PluginKitPlugin
com.apple.siri.SiriAnnounceExtensions.AnnounceIntentExtension	PluginKitPlugin	08565D73-BA97-40B3-AC81-CE9E63E7EEDB	\\?\R:\temp\private\var\mobile\Containers\Data\PluginKitPlugin
com.apple.UIKit.ColorPicker	PluginKitPlugin	0A78BB74-537E-4AF2-9F4F-B8EFB1108768	\\?\R:\temp\private\var\mobile\Containers\Data\PluginKitPlugin
com.apple.mobilephone.extension.VoicemailMessageNotificationExtension	PluginKitPlugin	0A95EE1B-DB17-4D89-BDBF-FD0FEB56A4BA	\\?\R:\temp\private\var\mobile\Containers\Data\PluginKitPlugin
com.apple.itunesstore.AskPermissionExtension	PluginKitPlugin	0B316BFB-8F63-4436-82AC-74DC3BFF63B9	\\?\R:\temp\private\var\mobile\Containers\Data\PluginKitPlugin
com.apple.Diagnostics.diagnosticextension	PluginKitPlugin	0BAE974D-10B4-4120-90D8-6E64AFDCCB3D	\\?\R:\temp\private\var\mobile\Containers\Data\PluginKitPlugin
com.apple.ExternalAccessory.WACUI	PluginKitPlugin	0BB4FC0D-7ECD-4142-B1D0-48445DA78548	\\?\R:\temp\private\var\mobile\Containers\Data\PluginKitPlugin
com.apple.SMBClientProvider.FileProvider	PluginKitPlugin	0C005A8D-DB37-4E30-9FFB-CCC20185D892	\\?\R:\temp\private\var\mobile\Containers\Data\PluginKitPlugin
com.apple.AssetViewer.ASVAssetThumbnail	PluginKitPlugin	0C3AA0BF-190A-4167-B0BF-F40EB8FB39AD	\\?\R:\temp\private\var\mobile\Containers\Data\PluginKitPlugin
com.apple.podcasts.SpotlightIndexExtension	PluginKitPlugin	0D3F8F08-032A-4429-B0DC-0C8E057DFE32	\\?\R:\temp\private\var\mobile\Containers\Data\PluginKitPlugin
com.apple.iBooks.iBooksProductPageExtension	PluginKitPlugin	0D53519C-92D3-4D41-BE9D-96EC990C2A71	\\?\R:\temp\private\var\mobile\Containers\Data\PluginKitPlugin
com.apple.news.articlenotificationextension	PluginKitPlugin	0D596700-EA1B-4AE8-AD75-26C6E4EE37EC	\\?\R:\temp\private\var\mobile\Containers\Data\PluginKitPlugin
com.apple.DocumentManagerUICore.SaveToFiles	PluginKitPlugin	0DE7B8B1-4B91-4A49-B31B-2F094D2B31DC	\\?\R:\temp\private\var\mobile\Containers\Data\PluginKitPlugin
com.apple.podcasts.PodcastsProductPageExtension	PluginKitPlugin	0E40CCBE-EADF-4B6B-B214-41E90EDB9574	\\?\R:\temp\private\var\mobile\Containers\Data\PluginKitPlugin
com.apple.siri.SiriGeo.SiriGeoIntentExtension	PluginKitPlugin	0E646CFB-A56E-430B-A2B4-C182F735737B	\\?\R:\temp\private\var\mobile\Containers\Data\PluginKitPlugin
com.apple.gamecenter.GameCenterUIService.GameCenterMessageExtension	PluginKitPlugin	0EBB4E93-CCDE-4FE4-8776-6359D0A5CBEA	\\?\R:\temp\private\var\mobile\Containers\Data\PluginKitPlugin
com.apple.DiagnosticsService.Diagnostic-4579	PluginKitPlugin	0F8BB2DB-E9D0-48A8-BAC6-42D7F9D7DB60	\\?\R:\temp\private\var\mobile\Containers\Data\PluginKitPlugin
com.apple.DocumentManagerUICore.AddTagsActionExtension	PluginKitPlugin	0FCF91F7-8DF6-4A9F-A4FD-441A8A0DBABE	\\?\R:\temp\private\var\mobile\Containers\Data\PluginKitPlugin
com.apple.news.widgetintents	PluginKitPlugin	10B858C1-7531-4EA3-AB45-6A4EE2B62FDA	\\?\R:\temp\private\var\mobile\Containers\Data\PluginKitPlugin
com.apple.FunCamera.EmojiStickers.MessagesExtension	PluginKitPlugin	10BECB03-562D-44B2-807A-6FF627E4BA77	\\?\R:\temp\private\var\mobile\Containers\Data\PluginKitPlugin
com.apple.quicklook.extension.previewUI	PluginKitPlugin	11A9B5F8-213E-4BB6-BA13-6958E7FF2022	\\?\R:\temp\private\var\mobile\Containers\Data\PluginKitPlugin
com.apple.ScreenTimeUI.ScreenTimeNotificationContentExtension	PluginKitPlugin	12F5A06A-C3A1-482C-A64E-EFBA3795BFC8	\\?\R:\temp\private\var\mobile\Containers\Data\PluginKitPlugin
com.apple.DiagnosticsService.Diagnostic-4004	PluginKitPlugin	13FC37E6-0A5F-4F54-8BB5-AC651CC6B078	\\?\R:\temp\private\var\mobile\Containers\Data\PluginKitPlugin
com.apple.DiagnosticsService.Diagnostic-4002	PluginKitPlugin	15116D4A-D15C-464C-9842-6BE13C99162C	\\?\R:\temp\private\var\mobile\Containers\Data\PluginKitPlugin
com.apple.DiagnosticExtensions.WiFi	PluginKitPlugin	1548CAD5-B520-42A4-89A5-B6D4AC5B4D5E	\\?\R:\temp\private\var\mobile\Containers\Data\PluginKitPlugin
com.apple.PassKit.PassKitIntentsExtension	PluginKitPlugin	15B0278B-280A-4A81-925C-FFF40BB69BD9	\\?\R:\temp\private\var\mobile\Containers\Data\PluginKitPlugin
com.apple.PDFKit.PDFExtensionView	PluginKitPlugin	171D856F-986F-4EE3-8EE7-5E6FA52E3444	\\?\R:\temp\private\var\mobile\Containers\Data\PluginKitPlugin
com.apple.DiagnosticExtensions.VPN	PluginKitPlugin	182659C8-7FE2-4B2F-BD57-8E314F919FAF	\\?\R:\temp\private\var\mobile\Containers\Data\PluginKitPlugin
com.apple.iBooks.BooksNotificationContentExtension	PluginKitPlugin	185CE372-EDDD-4146-99AE-DD333151F547	\\?\R:\temp\private\var\mobile\Containers\Data\PluginKitPlugin
com.apple.WorkflowKit.BackgroundShortcutRunner	PluginKitPlugin	18D97154-C334-4C0E-9232-BE6F3F8AEB06	\\?\R:\temp\private\var\mobile\Containers\Data\PluginKitPlugin
com.apple.mobilenotes.SpotlightIndexExtension	PluginKitPlugin	1ACDD7B1-4516-40E2-8DE6-8A86A0736289	\\?\R:\temp\private\var\mobile\Containers\Data\PluginKitPlugin
com.apple.DiagnosticExtensions.sysdiagnose	PluginKitPlugin	1B8F03AC-8F72-4A9E-AE38-302534B068AC	\\?\R:\temp\private\var\mobile\Containers\Data\PluginKitPlugin
com.apple.mobileslideshow.photospicker	PluginKitPlugin	1C6770BE-8D24-4C81-8481-B272E27851C8	\\?\R:\temp\private\var\mobile\Containers\Data\PluginKitPlugin
com.apple.HealthKit.HealthDiagnosticExtension	PluginKitPlugin	1CBD9296-668D-465B-9E0B-AE627AEAE2B9	\\?\R:\temp\private\var\mobile\Containers\Data\PluginKitPlugin
com.apple.mobilemail.DiagnosticExtension	PluginKitPlugin	1DF36ABB-3F31-4947-9C3C-1F66E039B819	\\?\R:\temp\private\var\mobile\Containers\Data\PluginKitPlugin
com.apple.coreaudio.haenotifications.HAENotificationContentExtension	PluginKitPlugin	1F882883-BDE4-45F6-985F-A466CAA88E30	\\?\R:\temp\private\var\mobile\Containers\Data\PluginKitPlugin
com.apple.AuthKitUI.AKSecondFactorEntryAlert	PluginKitPlugin	2067D5D3-05D5-4A78-B719-24080A5EA5E7	\\?\R:\temp\private\var\mobile\Containers\Data\PluginKitPlugin
com.apple.reminders.WidgetExtension	PluginKitPlugin	211F086A-8845-4F2B-A651-E025D46E06BB	\\?\R:\temp\private\var\mobile\Containers\Data\PluginKitPlugin
com.apple.DiagnosticExtensions.Microstackshot	PluginKitPlugin	219F07D9-B24A-482F-BE51-DDB6A4F5B194	\\?\R:\temp\private\var\mobile\Containers\Data\PluginKitPlugin
com.apple.siri.SiriContactsIntents.ContactsIntentExtension	PluginKitPlugin	22982F47-1E78-4B44-8193-A279FCAEB6F8	\\?\R:\temp\private\var\mobile\Containers\Data\PluginKitPlugin
com.apple.SoftwareUpdateServices.SUSFollowUpExtension	PluginKitPlugin	2340DF6F-488D-4922-ACDE-FD7B52295E59	\\?\R:\temp\private\var\mobile\Containers\Data\PluginKitPlugin
com.apple.accessibility.RTTUI.RTTNotifications	PluginKitPlugin	23E6DB6A-2EDC-4439-859E-34F670AF0F45	\\?\R:\temp\private\var\mobile\Containers\Data\PluginKitPlugin
com.apple.DiagnosticsService.Diagnostic-4003	PluginKitPlugin	241FD009-4EFD-452C-85CC-7F421D4DE8F4	\\?\R:\temp\private\var\mobile\Containers\Data\PluginKitPlugin
com.apple.DiagnosticsService.Diagnostic-3741	PluginKitPlugin	242CBF8D-76D1-4899-B2D3-9D762128CCA2	\\?\R:\temp\private\var\mobile\Containers\Data\PluginKitPlugin
com.apple.ContactsUI.ContactViewViewService	PluginKitPlugin	249D06A8-D217-4A47-A466-B0E488BFF767	\\?\R:\temp\private\var\mobile\Containers\Data\PluginKitPlugin
com.apple.PassKit.PassKitIntentsUIExtension	PluginKitPlugin	2A6C8A2F-A7E2-4067-899E-099F2F64DF2D	\\?\R:\temp\private\var\mobile\Containers\Data\PluginKitPlugin
com.apple.ShazamKit.ShazamNotificationContentExtension	PluginKitPlugin	2A7C00FB-CD17-4706-98E1-9BA3A82C33CB	\\?\R:\temp\private\var\mobile\Containers\Data\PluginKitPlugin
com.apple.NanoTimeKitCompanion.CreateWatchFace	PluginKitPlugin	2AC0B740-CBF9-495F-B7D8-DBB94FDA5F8A	\\?\R:\temp\private\var\mobile\Containers\Data\PluginKitPlugin
com.apple.DiagnosticsService.Diagnostic-8187	PluginKitPlugin	2B03FDF2-A528-4CA9-9359-42588438509F	\\?\R:\temp\private\var\mobile\Containers\Data\PluginKitPlugin
com.apple.icloud.apps.messages.business.extension	PluginKitPlugin	2CC1AACC-0CB7-4BB2-B0C1-16FE6A88E714	\\?\R:\temp\private\var\mobile\Containers\Data\PluginKitPlugin
com.apple.PBBridgeSupport.BridgeIntents	PluginKitPlugin	2CD23611-6FEE-496F-A318-5EF990D81E68	\\?\R:\temp\private\var\mobile\Containers\Data\PluginKitPlugin
com.apple.DiagnosticsService.Diagnostic-4006	PluginKitPlugin	2CDC8E43-7BD6-4D8B-9CEB-1FD30668DCED	\\?\R:\temp\private\var\mobile\Containers\Data\PluginKitPlugin
com.apple.DiagnosticsService.Diagnostic-4184	PluginKitPlugin	2E83265A-50D1-4405-B7D9-D551864EE66B	\\?\R:\temp\private\var\mobile\Containers\Data\PluginKitPlugin
com.apple.MarkupUI.MarkupPrivateExtension	PluginKitPlugin	2F5EEB88-9B92-4C0B-B172-76FE07BFC9C5	\\?\R:\temp\private\var\mobile\Containers\Data\PluginKitPlugin
com.apple.DiagnosticExtensions.FaceTime	PluginKitPlugin	30021E0A-D373-4627-AAF8-85FF8BAD528E	\\?\R:\temp\private\var\mobile\Containers\Data\PluginKitPlugin
com.apple.DataDetectorsUI.ActionsExtension	PluginKitPlugin	30D2C248-57B1-4AD1-9461-71F5E8E0BF1A	\\?\R:\temp\private\var\mobile\Containers\Data\PluginKitPlugin
com.apple.sidecar.extension.markup	PluginKitPlugin	31B5F7BA-6780-4FC8-B468-3F6D979F97F5	\\?\R:\temp\private\var\mobile\Containers\Data\PluginKitPlugin
com.apple.AuthKitUI.AKLocationSignInAlert	PluginKitPlugin	31C52064-3549-40FA-A5AE-50153C5B2F5C	\\?\R:\temp\private\var\mobile\Containers\Data\PluginKitPlugin
com.apple.Home.HomeNotification	PluginKitPlugin	324D8FC1-7483-473B-A7A8-8AC0E260E3E2	\\?\R:\temp\private\var\mobile\Containers\Data\PluginKitPlugin
com.apple.reminders.spotlightindexextension	PluginKitPlugin	32BACBA1-D180-45AE-B023-A3DBB2A5CC11	\\?\R:\temp\private\var\mobile\Containers\Data\PluginKitPlugin
com.apple.PassKit.applepay.diagnosticextension	PluginKitPlugin	33329891-01B1-4E19-9CFD-0C4BB0C34F1B	\\?\R:\temp\private\var\mobile\Containers\Data\PluginKitPlugin
com.apple.UserNotificationsUIKit.DefaultUIExtension	PluginKitPlugin	339F4707-F2C6-4C9F-AC3F-6A3F436ACB12	\\?\R:\temp\private\var\mobile\Containers\Data\PluginKitPlugin
com.apple.susuiservice.SUSUInstallAlertCFUserNotificationUIExtension	PluginKitPlugin	33B30B57-3D86-4F26-A4FA-8F282CFCD4D1	\\?\R:\temp\private\var\mobile\Containers\Data\PluginKitPlugin
com.apple.DiagnosticsService.Diagnostic-4359	PluginKitPlugin	3422640C-A83B-48F0-9C42-DD41B39DD294	\\?\R:\temp\private\var\mobile\Containers\Data\PluginKitPlugin
com.apple.Passbook.QuicklookPreviewExtension	PluginKitPlugin	3551EBB0-2CE0-4D2C-BEA8-ED8927FE1F11	\\?\R:\temp\private\var\mobile\Containers\Data\PluginKitPlugin
com.apple.AppPredictionWidget.Siri.ActionPredictionNotificationContent	PluginKitPlugin	35E02A0B-0DC9-4025-905F-6CAC268C675E	\\?\R:\temp\private\var\mobile\Containers\Data\PluginKitPlugin
com.apple.CoreFollowUpUI.FollowUpSampleExtension	PluginKitPlugin	36243A25-BEC8-4D04-A270-395EFE53F2B7	\\?\R:\temp\private\var\mobile\Containers\Data\PluginKitPlugin
com.apple.DiagnosticsService.Diagnostic-4008	PluginKitPlugin	362C945C-FC6E-4F76-80DA-E7B9A9DBD103	\\?\R:\temp\private\var\mobile\Containers\Data\PluginKitPlugin
com.apple.findmy.FindMyNotificationsContentExtension	PluginKitPlugin	370870D1-060B-422B-A3D8-7929B18BE82A	\\?\R:\temp\private\var\mobile\Containers\Data\PluginKitPlugin
com.apple.HealthMenstrualCyclesUI.NotificationContentExtension	PluginKitPlugin	372EB6C7-2BF2-4400-8810-072192D135FC	\\?\R:\temp\private\var\mobile\Containers\Data\PluginKitPlugin
com.apple.corelocation.CoreLocationTemporaryPreciseAuthPromptPlugin	PluginKitPlugin	37729B88-5DA6-4770-B879-ED999B2C65AE	\\?\R:\temp\private\var\mobile\Containers\Data\PluginKitPlugin
com.apple.DiagnosticsService.Diagnostic-8035	PluginKitPlugin	37A87BEF-74B9-457F-ABD3-30FC5DB36899	\\?\R:\temp\private\var\mobile\Containers\Data\PluginKitPlugin
com.apple.mobilecal.diagnosticextension	PluginKitPlugin	37AA06B5-2722-4534-B33D-4E6643779AFE	\\?\R:\temp\private\var\mobile\Containers\Data\PluginKitPlugin
com.apple.DiagnosticsService.Diagnostic-4276	PluginKitPlugin	39FE926C-E454-496C-977C-12696B9C06EF	\\?\R:\temp\private\var\mobile\Containers\Data\PluginKitPlugin
com.apple.weather.WeatherIntents	PluginKitPlugin	3B8E055C-AD97-4660-8594-7672450ED250	\\?\R:\temp\private\var\mobile\Containers\Data\PluginKitPlugin
com.apple.DiagnosticsService.Diagnostic-4009	PluginKitPlugin	3BC11C33-1770-4630-9DFC-0DE5E3B71EF6	\\?\R:\temp\private\var\mobile\Containers\Data\PluginKitPlugin
com.apple.DiagnosticsService.Diagnostic-4351	PluginKitPlugin	3C733564-8AD8-469E-854E-4D0D007CCD08	\\?\R:\temp\private\var\mobile\Containers\Data\PluginKitPlugin
com.apple.DiagnosticsService.Diagnostic-3909	PluginKitPlugin	3CA53666-0029-46C4-8DF1-13135E923FDF	\\?\R:\temp\private\var\mobile\Containers\Data\PluginKitPlugin
com.apple.Music.Messages	PluginKitPlugin	3E3DEC52-6D9B-4680-9B22-21AF85DEF8FE	\\?\R:\temp\private\var\mobile\Containers\Data\PluginKitPlugin
com.apple.DiagnosticsService.Diagnostic-3985	PluginKitPlugin	3E71D8C0-313C-46BF-896A-45D6B0AA2F17	\\?\R:\temp\private\var\mobile\Containers\Data\PluginKitPlugin
com.apple.DocumentManagerUICore.RecentsAvocado	PluginKitPlugin	3FBFD98D-3E20-47FE-A3A4-FE16556AE7FE	\\?\R:\temp\private\var\mobile\Containers\Data\PluginKitPlugin
com.apple.DiagnosticsService.Diagnostic-8276	PluginKitPlugin	4023C796-E674-4DCD-B504-FD89C7BA0BA3	\\?\R:\temp\private\var\mobile\Containers\Data\PluginKitPlugin
com.apple.MobileBackup.framework.DiagnosticExtension	PluginKitPlugin	402BEA18-E34F-431F-9403-B1F7DDB4BE3D	\\?\R:\temp\private\var\mobile\Containers\Data\PluginKitPlugin
com.apple.Health.ShareExtension	PluginKitPlugin	4164AA6A-88C9-4DA0-B887-3AAABD9BA186	\\?\R:\temp\private\var\mobile\Containers\Data\PluginKitPlugin
com.apple.MobileStore.MusicStoreNotificationContentPlugin	PluginKitPlugin	41F5E560-B694-4206-A99F-9BF92CA026DE	\\?\R:\temp\private\var\mobile\Containers\Data\PluginKitPlugin
com.apple.DiagnosticsService.Diagnostic-3903	PluginKitPlugin	421A07DB-1086-4BA4-B06B-977F726CC97E	\\?\R:\temp\private\var\mobile\Containers\Data\PluginKitPlugin
com.apple.DiagnosticExtensions.BackgroundAppRefresh	PluginKitPlugin	421E9A6C-BA84-4669-B5BA-130759B20790	\\?\R:\temp\private\var\mobile\Containers\Data\PluginKitPlugin
com.apple.mobiletimer.MobileTimerNotificationExtension	PluginKitPlugin	439C4AF6-54F9-48A2-A1C3-C2E93BBA8471	\\?\R:\temp\private\var\mobile\Containers\Data\PluginKitPlugin
com.apple.VideoSubscriberAccount.VideoSubscriberAccountUIFramework.AuthenticationExtension	PluginKitPlugin	43B6AB9A-B9F7-42DB-B0E7-206F0998688B	\\?\R:\temp\private\var\mobile\Containers\Data\PluginKitPlugin
com.apple.CloudDocsDaemon.diagnostic	PluginKitPlugin	43BE2B19-767C-4B63-9991-19E14AF6D069	\\?\R:\temp\private\var\mobile\Containers\Data\PluginKitPlugin
com.apple.HangTracer.PerformanceLoggingDiagnosticExtension	PluginKitPlugin	449312AF-7994-4A3B-B31F-16519ED2A956	\\?\R:\temp\private\var\mobile\Containers\Data\PluginKitPlugin
com.apple.CloudDocs.MobileDocumentsFileProviderUI	PluginKitPlugin	44ECA677-FF4B-4C65-8F0A-422BC73F095D	\\?\R:\temp\private\var\mobile\Containers\Data\PluginKitPlugin
com.apple.DiagnosticsService.Diagnostic-4181	PluginKitPlugin	454F43A7-6DEF-47C8-8259-AE1B672D6862	\\?\R:\temp\private\var\mobile\Containers\Data\PluginKitPlugin
com.apple.AppStoreDaemon.ASDAskPermissionExtension	PluginKitPlugin	455D1D89-5226-4B84-B651-3F4D67505500	\\?\R:\temp\private\var\mobile\Containers\Data\PluginKitPlugin
com.apple.FileProviderUI.ServerAuthUIExtension	PluginKitPlugin	46174649-F382-4339-80E6-534A3B1F80ED	\\?\R:\temp\private\var\mobile\Containers\Data\PluginKitPlugin
com.apple.DiagnosticsService.Diagnostic-4615	PluginKitPlugin	46227FE4-32FA-45DB-B2BA-6B1C8EC6E1B9	\\?\R:\temp\private\var\mobile\Containers\Data\PluginKitPlugin
com.apple.DiagnosticExtensions.LowMemory	PluginKitPlugin	4717C699-75FD-43F5-B129-9342042FBCE0	\\?\R:\temp\private\var\mobile\Containers\Data\PluginKitPlugin
com.apple.DiagnosticsService.SystemReport	PluginKitPlugin	4719924A-45DF-487C-8FE3-826BDE05BA97	\\?\R:\temp\private\var\mobile\Containers\Data\PluginKitPlugin
com.apple.DiagnosticsService.Diagnostic-8134	PluginKitPlugin	4731BD01-FBA3-4273-BD5C-161216E590DB	\\?\R:\temp\private\var\mobile\Containers\Data\PluginKitPlugin
com.apple.UIKit.ShareUI	PluginKitPlugin	47F62FC9-4B42-4998-83D4-0155175EAEDC	\\?\R:\temp\private\var\mobile\Containers\Data\PluginKitPlugin
com.apple.MobileBackup.framework.FollowUpUIExtension	PluginKitPlugin	492875E6-1A55-464F-A9C1-74E7777CEC62	\\?\R:\temp\private\var\mobile\Containers\Data\PluginKitPlugin
com.apple.BarcodeSupport.BarcodeNotificationExtension	PluginKitPlugin	492DD21F-AA65-4C49-BA47-3EC233CCC91D	\\?\R:\temp\private\var\mobile\Containers\Data\PluginKitPlugin
com.apple.DiagnosticsService.Diagnostic-3745	PluginKitPlugin	493E92A2-F14B-4A77-8ABA-C86B25D1A278	\\?\R:\temp\private\var\mobile\Containers\Data\PluginKitPlugin
com.apple.ReplayKit.RPVideoEditorExtension	PluginKitPlugin	4953B849-232C-4EA2-8AFC-6E556EAA1006	\\?\R:\temp\private\var\mobile\Containers\Data\PluginKitPlugin
com.apple.DiagnosticExtensions.BluetoothABCDE	PluginKitPlugin	497F6DC9-E16D-4F5D-B095-E27EF97886C1	\\?\R:\temp\private\var\mobile\Containers\Data\PluginKitPlugin
com.apple.AppStore.ProductPageExtension	PluginKitPlugin	49BEAF66-2C3D-4BA0-AFBE-D0023EA8BC4F	\\?\R:\temp\private\var\mobile\Containers\Data\PluginKitPlugin
com.apple.WorkflowUI.AddShortcutExtension	PluginKitPlugin	49E2F281-FED3-48CC-95A1-EC1D9414677A	\\?\R:\temp\private\var\mobile\Containers\Data\PluginKitPlugin
com.apple.AppStore.SubscribePageExtension	PluginKitPlugin	4A78E4B5-3B20-403D-9841-C5D3F8FE7C2D	\\?\R:\temp\private\var\mobile\Containers\Data\PluginKitPlugin
com.apple.camera.CameraMessagesApp	PluginKitPlugin	4A9D2CB1-0BFD-4C5F-851C-E3432E96AFB9	\\?\R:\temp\private\var\mobile\Containers\Data\PluginKitPlugin
com.apple.news.widget	PluginKitPlugin	4AFF1085-4A68-43F4-8BED-2471C46AB8B2	\\?\R:\temp\private\var\mobile\Containers\Data\PluginKitPlugin
com.apple.PassKit.PassKitSpotlightIndexExtension	PluginKitPlugin	4C699F31-6804-4E8E-BC7F-1905360F1474	\\?\R:\temp\private\var\mobile\Containers\Data\PluginKitPlugin
com.apple.NetworkExtension.IKEv2Provider	PluginKitPlugin	4D3548AB-3717-4CA5-B057-95BBABBFBC9A	\\?\R:\temp\private\var\mobile\Containers\Data\PluginKitPlugin
com.apple.ActivityMessagesApp.MessagesExtension	PluginKitPlugin	4DA906A7-5E08-47CB-A1C9-F490161B5D85	\\?\R:\temp\private\var\mobile\Containers\Data\PluginKitPlugin
com.apple.NetworkRelay.NRDiagnosticExtension	PluginKitPlugin	4FBAF163-2322-4204-B788-7D4FDE2263E1	\\?\R:\temp\private\var\mobile\Containers\Data\PluginKitPlugin
com.apple.AssetViewer.ASVAssetViewer	PluginKitPlugin	50CC6D4E-3D4D-4417-9517-F46EAF787A5D	\\?\R:\temp\private\var\mobile\Containers\Data\PluginKitPlugin
com.apple.DocumentCamera.ViewService	PluginKitPlugin	53B1FAD0-42B1-4B8A-B188-3E10C08C1EE3	\\?\R:\temp\private\var\mobile\Containers\Data\PluginKitPlugin
com.apple.DiagnosticsService.Diagnostic-3905	PluginKitPlugin	5475B1C4-5324-4034-99FE-5BDA785C298E	\\?\R:\temp\private\var\mobile\Containers\Data\PluginKitPlugin
com.apple.iBooks.iBooksSpotlightExtension	PluginKitPlugin	569CFBD8-2555-4018-A6EE-6842E4908A69	\\?\R:\temp\private\var\mobile\Containers\Data\PluginKitPlugin
com.apple.SeymourServices.SeymourNotifications	PluginKitPlugin	57670A0E-2862-4425-99BA-B7A345EE0A57	\\?\R:\temp\private\var\mobile\Containers\Data\PluginKitPlugin
com.apple.mobileslideshow.DestructiveChangeConfirmation	PluginKitPlugin	58E97C86-C681-4D58-B439-8B6C1BA4DD58	\\?\R:\temp\private\var\mobile\Containers\Data\PluginKitPlugin
com.apple.AuthenticationServices.AccountAuthenticationModificationExtensionHelper	PluginKitPlugin	58FC52FD-CF12-4090-89D3-B7AA17088A61	\\?\R:\temp\private\var\mobile\Containers\Data\PluginKitPlugin
com.apple.framework.WiFiKit.WiFiPickerExtension	PluginKitPlugin	598AFFCF-1652-4EB5-BB7C-02E803A336E2	\\?\R:\temp\private\var\mobile\Containers\Data\PluginKitPlugin
com.apple.DiagnosticExtensions.CoreLocation	PluginKitPlugin	5A00CFAE-24BA-49C2-992C-6D7317A8F469	\\?\R:\temp\private\var\mobile\Containers\Data\PluginKitPlugin
com.apple.AuthKitUI.AKSecondFactorAlert	PluginKitPlugin	5B365911-333F-412E-B898-D029C5740994	\\?\R:\temp\private\var\mobile\Containers\Data\PluginKitPlugin
com.apple.DiagnosticExtensions.HangTracer	PluginKitPlugin	5B9E0408-020E-4222-B9CC-8361A572912A	\\?\R:\temp\private\var\mobile\Containers\Data\PluginKitPlugin
com.apple.mobileslideshow.PhotosMessagesApp	PluginKitPlugin	5C589F21-BA5E-400D-A0B1-033CF6AD87B2	\\?\R:\temp\private\var\mobile\Containers\Data\PluginKitPlugin
com.apple.RemoteManagement.AccountExtension	PluginKitPlugin	5CC1804F-F263-485D-90FD-95C19204D0BD	\\?\R:\temp\private\var\mobile\Containers\Data\PluginKitPlugin
com.apple.Symptoms.SFDiagnosticExtension.appex	PluginKitPlugin	5CF43649-401A-401B-A907-300F4102CA32	\\?\R:\temp\private\var\mobile\Containers\Data\PluginKitPlugin
com.apple.ClassKit.diagnosticextension	PluginKitPlugin	5D74E307-9F65-4B61-AA65-D5DFD9B1433F	\\?\R:\temp\private\var\mobile\Containers\Data\PluginKitPlugin
com.apple.RemoteManagement.PasscodeSettingsExtension	PluginKitPlugin	5EA6863C-E364-4EBF-BD04-3F35D95B099A	\\?\R:\temp\private\var\mobile\Containers\Data\PluginKitPlugin
com.apple.stocks.detailintents	PluginKitPlugin	5F22586A-46E3-4E80-B5D4-5CA2034A9946	\\?\R:\temp\private\var\mobile\Containers\Data\PluginKitPlugin
com.apple.DiagnosticsService.Diagnostic-4005	PluginKitPlugin	5FD51983-FE70-4B35-B38B-6F52A9225DA3	\\?\R:\temp\private\var\mobile\Containers\Data\PluginKitPlugin
com.apple.tips.TipsNotificationExtension	PluginKitPlugin	5FEA76FE-F532-43B9-B82F-427610680484	\\?\R:\temp\private\var\mobile\Containers\Data\PluginKitPlugin
com.apple.DiagnosticExtensions.VoiceMemos	PluginKitPlugin	60FD27DD-2BE6-43C2-AF49-FE957BCD46DF	\\?\R:\temp\private\var\mobile\Containers\Data\PluginKitPlugin
com.apple.DiagnosticsService.Diagnostic-4154	PluginKitPlugin	61469344-4A86-4FFD-A334-A728400E3538	\\?\R:\temp\private\var\mobile\Containers\Data\PluginKitPlugin
com.apple.DiagnosticExtensions.Contacts	PluginKitPlugin	618ACB1D-5F0B-4955-BE01-6C294A76995E	\\?\R:\temp\private\var\mobile\Containers\Data\PluginKitPlugin
com.apple.TelephonyUtilities.PhoneIntentHandler	PluginKitPlugin	63670B05-DB10-4B93-8B3F-01386A2367D1	\\?\R:\temp\private\var\mobile\Containers\Data\PluginKitPlugin
com.apple.VoiceMemos.VoiceMemosIntentsExtension	PluginKitPlugin	63CA076A-0674-4D8D-A57A-7DE2CC9B7540	\\?\R:\temp\private\var\mobile\Containers\Data\PluginKitPlugin
com.apple.DocumentManagerUICore.RecentsAppPopover	PluginKitPlugin	65017F95-4377-479C-80E9-6D8F38F55DBE	\\?\R:\temp\private\var\mobile\Containers\Data\PluginKitPlugin
com.apple.smsFilter.extension	PluginKitPlugin	6512D14B-F360-4E0F-B9D5-EDCDD51099F6	\\?\R:\temp\private\var\mobile\Containers\Data\PluginKitPlugin
com.apple.FunCamera.ShapesPicker.MessagesExtension	PluginKitPlugin	6579B207-C417-462D-AE36-2140BED5911C	\\?\R:\temp\private\var\mobile\Containers\Data\PluginKitPlugin
com.apple.PowerlogCore.DEPowerlogEPL	PluginKitPlugin	6623785E-2E8E-426F-BE68-800C95207073	\\?\R:\temp\private\var\mobile\Containers\Data\PluginKitPlugin
com.apple.DiagnosticsService.Diagnostic-3942	PluginKitPlugin	677000C6-CC3E-4C44-AC8D-400977200F0C	\\?\R:\temp\private\var\mobile\Containers\Data\PluginKitPlugin
com.apple.DiagnosticsService.SystemReport-BatteryCase	PluginKitPlugin	697024CD-0105-46FE-AC1F-404B3B76BCD0	\\?\R:\temp\private\var\mobile\Containers\Data\PluginKitPlugin
com.apple.Home.HomeIntentExtension	PluginKitPlugin	6A431597-AAB1-429F-99E5-FBC9535A70E9	\\?\R:\temp\private\var\mobile\Containers\Data\PluginKitPlugin
com.apple.podcasts.DiagnosticExtension	PluginKitPlugin	6A67668D-A9B3-4747-A52C-E87EF2622738	\\?\R:\temp\private\var\mobile\Containers\Data\PluginKitPlugin
com.apple.DiagnosticsService.Diagnostic-3907	PluginKitPlugin	6C15750C-54BA-4061-A351-C2AE6E07B12E	\\?\R:\temp\private\var\mobile\Containers\Data\PluginKitPlugin
com.apple.shortcuts.AutomationNotificationContent	PluginKitPlugin	6C70B6D9-E237-4F89-A752-74D09AF23790	\\?\R:\temp\private\var\mobile\Containers\Data\PluginKitPlugin
com.apple.GameCenterUI.GameCenterMatchmakerExtension	PluginKitPlugin	6C7B85E3-618E-4D66-A8BB-202CF4D4895E	\\?\R:\temp\private\var\mobile\Containers\Data\PluginKitPlugin
com.apple.DiagnosticExtensions.StackShot	PluginKitPlugin	6D2496D1-A0BF-4021-B7C2-A6FEDDED63DF	\\?\R:\temp\private\var\mobile\Containers\Data\PluginKitPlugin
com.apple.news.tag	PluginKitPlugin	6D5C4221-5D93-49F8-AED2-68B242268A26	\\?\R:\temp\private\var\mobile\Containers\Data\PluginKitPlugin
com.apple.ScreenTime.ScreenTimeWebExtension	PluginKitPlugin	6E4B95F4-42E3-4921-91C8-145E167BE87B	\\?\R:\temp\private\var\mobile\Containers\Data\PluginKitPlugin
com.apple.DiagnosticExtensions.Cellular	PluginKitPlugin	6F156488-AFF3-4FDA-BF2C-C46B25641433	\\?\R:\temp\private\var\mobile\Containers\Data\PluginKitPlugin
com.apple.ContactsUI.ContactsViewService	PluginKitPlugin	6F5CB1DA-A795-4BF4-9D2A-C050D9F10536	\\?\R:\temp\private\var\mobile\Containers\Data\PluginKitPlugin
com.apple.PowerlogCore.diagnosticextension	PluginKitPlugin	707D96D1-383B-49A0-82E3-3E17D36BD0EE	\\?\R:\temp\private\var\mobile\Containers\Data\PluginKitPlugin
com.apple.DiagnosticExtensions.BluetoothHeadset	PluginKitPlugin	70F5C97E-65E5-4954-A33C-5E47244B16B8	\\?\R:\temp\private\var\mobile\Containers\Data\PluginKitPlugin
com.apple.mobileslideshow.photosnotifications-updates	PluginKitPlugin	711DA64F-2D1D-486D-AA7A-302A39935285	\\?\R:\temp\private\var\mobile\Containers\Data\PluginKitPlugin
com.apple.family.FAFollowupExtension	PluginKitPlugin	733CB439-4DA5-460F-90AD-2AC2B534FFA1	\\?\R:\temp\private\var\mobile\Containers\Data\PluginKitPlugin
com.apple.newsservices.NewsArticleViewer	PluginKitPlugin	7376FDE5-C798-46F6-B3AC-6ABA275E335E	\\?\R:\temp\private\var\mobile\Containers\Data\PluginKitPlugin
com.apple.DoNotDisturb.Intents	PluginKitPlugin	73B19E1E-3C16-41EB-A650-07983CB626E4	\\?\R:\temp\private\var\mobile\Containers\Data\PluginKitPlugin
com.apple.podcasts.PodcastsClassKitExtension	PluginKitPlugin	742E5187-FB92-4D28-947D-4FAA699422DF	\\?\R:\temp\private\var\mobile\Containers\Data\PluginKitPlugin
com.apple.MobileSMS.MessagesAssistantUIExtension	PluginKitPlugin	743D97F4-96C4-4FAD-B26F-765A58C6C9D1	\\?\R:\temp\private\var\mobile\Containers\Data\PluginKitPlugin
com.apple.CredentialSharingService.ShareableCredentialsMessagesExtension	PluginKitPlugin	74D90B7C-7F1C-46BB-A422-1CF13A7E68C9	\\?\R:\temp\private\var\mobile\Containers\Data\PluginKitPlugin
com.apple.HomeKit.HomeKitIntentExtension	PluginKitPlugin	7664549A-A286-4AA1-B9CB-9D1E39355643	\\?\R:\temp\private\var\mobile\Containers\Data\PluginKitPlugin
com.apple.DiagnosticsService.Diagnostic-4153	PluginKitPlugin	770BF660-53CF-477A-BEE2-7EF7C218C5B4	\\?\R:\temp\private\var\mobile\Containers\Data\PluginKitPlugin
com.apple.HomeAI.HomeAIDESExtension	PluginKitPlugin	7730EAC1-CDC8-4E5F-9EBD-E4164BB29737	\\?\R:\temp\private\var\mobile\Containers\Data\PluginKitPlugin
com.apple.CloudDocsUI.DocumentPicker	PluginKitPlugin	787C1521-D26E-44FA-BE54-14FF0B218623	\\?\R:\temp\private\var\mobile\Containers\Data\PluginKitPlugin
com.apple.FileProvider.LocalStorage	PluginKitPlugin	78D3FBC4-9F9E-4881-88F7-E2F008E7B082	\\?\R:\temp\private\var\mobile\Containers\Data\PluginKitPlugin
com.apple.DiagnosticsService.Diagnostic-8288	PluginKitPlugin	79BAFE24-5219-42BD-B9A9-C0B0C65367CF	\\?\R:\temp\private\var\mobile\Containers\Data\PluginKitPlugin
com.apple.news.NewsArticleQuickLook	PluginKitPlugin	7A8D226D-5B1E-4B2B-9468-E7518CB08E9F	\\?\R:\temp\private\var\mobile\Containers\Data\PluginKitPlugin
com.apple.susuiservice.SUSUIVerifyingAlertCFUserNotificationUIExtension	PluginKitPlugin	7AA4C6B7-6113-4A4B-949C-774D02640357	\\?\R:\temp\private\var\mobile\Containers\Data\PluginKitPlugin
com.apple.mobilemail.MailQuickLookExtension	PluginKitPlugin	7AF61021-399F-48C4-9734-25B424B221B7	\\?\R:\temp\private\var\mobile\Containers\Data\PluginKitPlugin
com.apple.GameCenterUI.GameCenterTurnBasedMatchmakerExtension	PluginKitPlugin	7DF9BB2B-B992-4DB0-B64C-EE43FC850579	\\?\R:\temp\private\var\mobile\Containers\Data\PluginKitPlugin
com.apple.DiagnosticsService.Diagnostic-4182	PluginKitPlugin	7E4CDC8B-BFAF-4EDD-8053-BCCCAFB455D3	\\?\R:\temp\private\var\mobile\Containers\Data\PluginKitPlugin
com.apple.contacts.ContactsCoreSpotlightExtension	PluginKitPlugin	7E51C160-F05E-41F0-B0B6-3DCA34A3D210	\\?\R:\temp\private\var\mobile\Containers\Data\PluginKitPlugin
com.apple.Maps.SiriTrafficIncidents	PluginKitPlugin	7EDD6B7F-8A5C-471E-A9CA-EAF2DEE0FA2A	\\?\R:\temp\private\var\mobile\Containers\Data\PluginKitPlugin
com.apple.PassbookUIService.PeerPaymentMessagesExtension	PluginKitPlugin	7F7DF1C1-370A-4492-AC38-E14412FACBEA	\\?\R:\temp\private\var\mobile\Containers\Data\PluginKitPlugin
com.apple.Bridge.GreenfieldThumbnailExtension	PluginKitPlugin	7FD558C4-A92C-40B8-8027-C45CCC86F104	\\?\R:\temp\private\var\mobile\Containers\Data\PluginKitPlugin
com.apple.PhotoLibraryServices.PhotosDiagnostics	PluginKitPlugin	80111D25-C69A-492D-8F5C-144517D34BD5	\\?\R:\temp\private\var\mobile\Containers\Data\PluginKitPlugin
com.apple.stocks.widget	PluginKitPlugin	816393FF-ABD6-4AD4-8A40-7892C8E8C389	\\?\R:\temp\private\var\mobile\Containers\Data\PluginKitPlugin
com.apple.NLPLearner.QuickTypePFLExtension	PluginKitPlugin	81C50BF2-0062-4D5E-B307-8292A924BE2C	\\?\R:\temp\private\var\mobile\Containers\Data\PluginKitPlugin
com.apple.tv.TVIntentsExtension	PluginKitPlugin	82E568D7-9028-4897-8BCA-C409638302E4	\\?\R:\temp\private\var\mobile\Containers\Data\PluginKitPlugin
com.apple.mobilemail.MailNotificationContentExtension	PluginKitPlugin	833B774E-3377-44BA-8421-8284AB45E110	\\?\R:\temp\private\var\mobile\Containers\Data\PluginKitPlugin
com.apple.CoreBluetoothUI.BTDevicePickerUI	PluginKitPlugin	836DF5A8-48A5-46BC-9542-EA7A596CFEA5	\\?\R:\temp\private\var\mobile\Containers\Data\PluginKitPlugin
com.apple.iCloudQuotaDaemon.ICQFollowup	PluginKitPlugin	84C8F6C8-088B-4FAA-A114-B33350E12B81	\\?\R:\temp\private\var\mobile\Containers\Data\PluginKitPlugin
com.apple.sidecar.extension.display	PluginKitPlugin	84D3D549-EC42-4CFC-90DA-83432ED95B45	\\?\R:\temp\private\var\mobile\Containers\Data\PluginKitPlugin
com.apple.reminders.IntentsUIExtension	PluginKitPlugin	84DBDDCF-E1F7-4B80-89B8-0FA5EAAB3124	\\?\R:\temp\private\var\mobile\Containers\Data\PluginKitPlugin
com.apple.DiagnosticsService.Diagnostic-3906	PluginKitPlugin	86E4D6A0-7FAB-4AA7-BFE5-82D1DCC9803F	\\?\R:\temp\private\var\mobile\Containers\Data\PluginKitPlugin
com.apple.GameCenterUI.GameCenterAuthenticateExtension	PluginKitPlugin	8A2D5793-2750-4A19-8D5A-CE0142F96137	\\?\R:\temp\private\var\mobile\Containers\Data\PluginKitPlugin
com.apple.DiagnosticsService.Diagnostic-3744	PluginKitPlugin	8A3E10EA-E6F8-4A06-929D-B7C30F3EAB59	\\?\R:\temp\private\var\mobile\Containers\Data\PluginKitPlugin
com.apple.DiagnosticExtensions.Syslog	PluginKitPlugin	8A9DDB0B-AD1E-44A2-9075-FC5402D79E51	\\?\R:\temp\private\var\mobile\Containers\Data\PluginKitPlugin
com.apple.Maps.MapsSpotlightIndexExtension	PluginKitPlugin	8AD85ACB-419D-416F-8C55-195F8B755764	\\?\R:\temp\private\var\mobile\Containers\Data\PluginKitPlugin
com.apple.icloud.FindMyDevice.FindMyExtensionContainer.FindMyDeviceBluetoothExtension	PluginKitPlugin	8B183164-A0E5-40BA-B025-5D6720F6C1BB	\\?\R:\temp\private\var\mobile\Containers\Data\PluginKitPlugin
com.apple.AuthKitUI.AKAppSSOExtension	PluginKitPlugin	8C636C70-D312-493D-9BDA-FBE41CF332DF	\\?\R:\temp\private\var\mobile\Containers\Data\PluginKitPlugin
com.apple.springboard.SpringBoardDiagnosticExtension	PluginKitPlugin	8D473EA7-35E0-429D-A7F8-654A794FAA3D	\\?\R:\temp\private\var\mobile\Containers\Data\PluginKitPlugin
com.apple.RemoteManagement.ManagementTestExtension	PluginKitPlugin	8D6F6A98-0A16-4D1B-BE06-6938FCF7D591	\\?\R:\temp\private\var\mobile\Containers\Data\PluginKitPlugin
com.apple.Music.MusicCoreSpotlightExtension	PluginKitPlugin	8DF51F2F-AF8D-43E6-800C-364A93F11746	\\?\R:\temp\private\var\mobile\Containers\Data\PluginKitPlugin
com.apple.mediaservicesbroker.ViewService	PluginKitPlugin	8E85F18A-840D-44EF-AAA9-915310FB8245	\\?\R:\temp\private\var\mobile\Containers\Data\PluginKitPlugin
com.apple.Passbook.NotificationContentExtension	PluginKitPlugin	8EE94F7F-7F4B-4680-8BA3-DE1558CE82DB	\\?\R:\temp\private\var\mobile\Containers\Data\PluginKitPlugin
com.apple.HomeKit.diagnosticextension	PluginKitPlugin	8F3238A5-06C3-4148-8288-B9CA83312537	\\?\R:\temp\private\var\mobile\Containers\Data\PluginKitPlugin
com.apple.filesystems.UserFS.FileProvider	PluginKitPlugin	8F734FC8-6620-47A2-B9B0-788D4594C3B4	\\?\R:\temp\private\var\mobile\Containers\Data\PluginKitPlugin
com.apple.CoreRoutine.RTDiagnosticExtension	PluginKitPlugin	8FDC28CD-8011-4ACA-9FCC-5DD95AB461A6	\\?\R:\temp\private\var\mobile\Containers\Data\PluginKitPlugin
com.apple.CalendarNotification.CalendarContentExtension	PluginKitPlugin	904A811A-2927-4641-867E-745DADBAFA04	\\?\R:\temp\private\var\mobile\Containers\Data\PluginKitPlugin
com.apple.CalendarWidget.IntentsExtension	PluginKitPlugin	90E7B559-D228-4A8D-A96C-B440B8865369	\\?\R:\temp\private\var\mobile\Containers\Data\PluginKitPlugin
com.apple.DiagnosticsService.Diagnostic-3734	PluginKitPlugin	91F95722-500E-4D47-A255-429FBBEE06F3	\\?\R:\temp\private\var\mobile\Containers\Data\PluginKitPlugin
com.apple.AccessibilityUtilities.AXSettingsShortcuts	PluginKitPlugin	9251A80C-4F76-4864-A0B1-9E2B2B55FE90	\\?\R:\temp\private\var\mobile\Containers\Data\PluginKitPlugin
com.apple.DiagnosticExtensions.VisualVoiceMail	PluginKitPlugin	93902806-E7A5-4085-9BE7-0F1397615532	\\?\R:\temp\private\var\mobile\Containers\Data\PluginKitPlugin
com.apple.VoiceMemos.VoiceMemosShareExtension	PluginKitPlugin	94E4ED7A-2C76-4D46-8390-8083CFECB158	\\?\R:\temp\private\var\mobile\Containers\Data\PluginKitPlugin
com.apple.UIKit.FontPicker	PluginKitPlugin	952BDF78-BDBD-4B7D-A2C1-E0886847CED5	\\?\R:\temp\private\var\mobile\Containers\Data\PluginKitPlugin
com.apple.social.SLYahooAuth.SLYahooAuthService	PluginKitPlugin	953FB635-599B-4883-BDDC-4977488E133C	\\?\R:\temp\private\var\mobile\Containers\Data\PluginKitPlugin
com.apple.ReminderKitUI.ReminderCreationViewService	PluginKitPlugin	967AC3A9-EC29-49D3-B6D5-C9DAE5606FDA	\\?\R:\temp\private\var\mobile\Containers\Data\PluginKitPlugin
com.apple.audio.toolbox.AudioToolbox.DiagnosticExtensions	PluginKitPlugin	983A46ED-8211-4647-96DF-F3AE500331CF	\\?\R:\temp\private\var\mobile\Containers\Data\PluginKitPlugin
com.apple.Music.StoreFlowExtension	PluginKitPlugin	984BAECF-8D0A-4362-BB2B-6F73BF8B58E5	\\?\R:\temp\private\var\mobile\Containers\Data\PluginKitPlugin
com.apple.AppleAccountUI.AAUIFollowUpExtension	PluginKitPlugin	9885B9B8-93F9-4EF7-8D0B-A47D3573C889	\\?\R:\temp\private\var\mobile\Containers\Data\PluginKitPlugin
com.apple.sidecar.extension.signature	PluginKitPlugin	98B5EA96-8BCB-4D28-92BC-AA30D3B44975	\\?\R:\temp\private\var\mobile\Containers\Data\PluginKitPlugin
com.apple.UserActivity.UASharedPasteboardiOSUI	PluginKitPlugin	98D6C721-9372-4B3B-9F8A-FAC98116A184	\\?\R:\temp\private\var\mobile\Containers\Data\PluginKitPlugin
com.apple.DiagnosticsService.Diagnostic-8290	PluginKitPlugin	99B2BBFB-BA3B-4130-9550-85A70820E87B	\\?\R:\temp\private\var\mobile\Containers\Data\PluginKitPlugin
com.apple.news.openinnews	PluginKitPlugin	9A7F9ACF-30E7-4D29-A83E-4B38EF7CE854	\\?\R:\temp\private\var\mobile\Containers\Data\PluginKitPlugin
com.apple.PassKit.PassKitThumbnailExtension	PluginKitPlugin	9BDAC48E-B2FD-4C31-B73A-C238599F8691	\\?\R:\temp\private\var\mobile\Containers\Data\PluginKitPlugin
com.apple.Sharing.AirDrop	PluginKitPlugin	9C039284-A00B-41B9-AD13-CBF43EDE83DD	\\?\R:\temp\private\var\mobile\Containers\Data\PluginKitPlugin
com.apple.AppStoreDaemon.ASDUserNotificationExtension	PluginKitPlugin	9C889260-CCF5-49DB-B80D-DBEBA99A2DD4	\\?\R:\temp\private\var\mobile\Containers\Data\PluginKitPlugin
com.apple.Animoji.StickersApp.MessagesExtension	PluginKitPlugin	9DA217C3-7A1A-4361-A9CC-40F585AABB27	\\?\R:\temp\private\var\mobile\Containers\Data\PluginKitPlugin
com.apple.DiagnosticsService.Diagnostic-4180	PluginKitPlugin	9E56E86D-3D67-4419-84E6-A359BF44BCF1	\\?\R:\temp\private\var\mobile\Containers\Data\PluginKitPlugin
com.apple.mobileslideshow.StreamShareService	PluginKitPlugin	9EC96E27-97EB-4070-9E62-34F09F9DE2C7	\\?\R:\temp\private\var\mobile\Containers\Data\PluginKitPlugin
com.apple.mobilemail.MailSpotlightIndexExtension	PluginKitPlugin	9EEC82A2-B819-4ACD-B62C-841786EBB0CB	\\?\R:\temp\private\var\mobile\Containers\Data\PluginKitPlugin
com.apple.ScreenTimeWidgetApplication.ScreenTimeWidgetExtension	PluginKitPlugin	9FD65088-898F-43D5-B44E-73D31695E8C0	\\?\R:\temp\private\var\mobile\Containers\Data\PluginKitPlugin
com.apple.CFNetwork.DiagnosticExtension	PluginKitPlugin	A119F22D-1CE1-4AC8-AE11-DF77AF192DFF	\\?\R:\temp\private\var\mobile\Containers\Data\PluginKitPlugin
com.apple.SensorKit.SensorKitViewService	PluginKitPlugin	A2A183B4-AC3E-45B0-9F9D-266F10DD230C	\\?\R:\temp\private\var\mobile\Containers\Data\PluginKitPlugin
com.apple.sidecar.extension.sketch	PluginKitPlugin	A44748AC-D9E3-4AD3-A2D3-2F792AD740B5	\\?\R:\temp\private\var\mobile\Containers\Data\PluginKitPlugin
com.apple.CoreCDPUI.localSecretPrompt	PluginKitPlugin	A54FC171-3750-4D68-BE20-D302FEADE88C	\\?\R:\temp\private\var\mobile\Containers\Data\PluginKitPlugin
com.apple.tips.TipsSwift	PluginKitPlugin	A5E7292A-7330-455C-B097-E81CC900B621	\\?\R:\temp\private\var\mobile\Containers\Data\PluginKitPlugin
com.apple.DiagnosticsService.Diagnostic-4492	PluginKitPlugin	A7188FE7-35C4-48A3-8FB2-11E3F266DA8D	\\?\R:\temp\private\var\mobile\Containers\Data\PluginKitPlugin
com.apple.CarKit.CarPlayDiagnosticsExtension	PluginKitPlugin	A7B7D594-19D6-4B2A-B01F-1A9CFB9E0792	\\?\R:\temp\private\var\mobile\Containers\Data\PluginKitPlugin
com.apple.voiceservices.diagnosticextension	PluginKitPlugin	A976FEA8-25C5-4C75-B1F9-31F1B348A40D	\\?\R:\temp\private\var\mobile\Containers\Data\PluginKitPlugin
com.apple.iBooks.BooksIntentHandler	PluginKitPlugin	AD96D5EE-34E9-4C9E-BF17-2F78BB75DC33	\\?\R:\temp\private\var\mobile\Containers\Data\PluginKitPlugin
com.apple.AppStoreDaemon.ASDFollowUpExtension	PluginKitPlugin	AE98CC97-209A-4858-989A-2035ED4B6FB8	\\?\R:\temp\private\var\mobile\Containers\Data\PluginKitPlugin
com.apple.DiagnosticsService.Diagnostic-3939	PluginKitPlugin	AEDFB9F3-9077-42C7-ACF4-7FDBF4330810	\\?\R:\temp\private\var\mobile\Containers\Data\PluginKitPlugin
com.apple.MobileSMS.spotlight	PluginKitPlugin	AF09D1F6-29FF-40FB-BF8A-57A6D5E37B59	\\?\R:\temp\private\var\mobile\Containers\Data\PluginKitPlugin
com.apple.Maps.GeneralMapsWidget	PluginKitPlugin	B1BFFC05-2566-4FFC-B84B-0C1325F95066	\\?\R:\temp\private\var\mobile\Containers\Data\PluginKitPlugin
com.apple.FunCamera.TextPicker.MessagesExtension	PluginKitPlugin	B1D2D3E9-68A2-4165-A700-29C816FFBC83	\\?\R:\temp\private\var\mobile\Containers\Data\PluginKitPlugin
com.apple.mobileslideshow.photosmemoriesnotificationupdates	PluginKitPlugin	B2CA5814-7A65-4762-809F-97C3175ACD8E	\\?\R:\temp\private\var\mobile\Containers\Data\PluginKitPlugin
com.apple.VoiceMemos.SpotlightIndexExtension	PluginKitPlugin	B366DCA7-C291-4356-AB5C-DE8FEDCC23A5	\\?\R:\temp\private\var\mobile\Containers\Data\PluginKitPlugin
com.apple.NanoTimeKitCompanion.NTKDiagnosticExtensionCompanion	PluginKitPlugin	B371CB8A-5B54-4BFF-98D8-CCB594039E63	\\?\R:\temp\private\var\mobile\Containers\Data\PluginKitPlugin
com.apple.CryptoTokenKit.setoken	PluginKitPlugin	B3A3F0AB-29D3-4739-80B5-6C1D6FBC9A1F	\\?\R:\temp\private\var\mobile\Containers\Data\PluginKitPlugin
com.apple.DiskSpaceDiagnostics.diagnosticextension	PluginKitPlugin	B554BBB8-9E9C-446E-BE39-8E6226430DBF	\\?\R:\temp\private\var\mobile\Containers\Data\PluginKitPlugin
com.apple.news.marketingnotificationextension	PluginKitPlugin	B67456D2-BD76-40DC-8748-A57402E4E075	\\?\R:\temp\private\var\mobile\Containers\Data\PluginKitPlugin
com.apple.weather.widget	PluginKitPlugin	B78E420B-E529-455C-8328-664982EE6905	\\?\R:\temp\private\var\mobile\Containers\Data\PluginKitPlugin
com.apple.AppStoreDaemon.AppStoreEventServiceExtension	PluginKitPlugin	B82D3573-A86E-4278-B7A7-2BC7514BCDA2	\\?\R:\temp\private\var\mobile\Containers\Data\PluginKitPlugin
com.apple.FileProvider.FPSpotlightIndexer	PluginKitPlugin	B8CEA010-9A82-4AB7-AE82-E15A6847AC6B	\\?\R:\temp\private\var\mobile\Containers\Data\PluginKitPlugin
com.apple.corelocation.CoreLocationVanillaWhenInUseAuthPromptPlugin	PluginKitPlugin	B94AD5F9-EC2C-4192-9D52-69CA366C857B	\\?\R:\temp\private\var\mobile\Containers\Data\PluginKitPlugin
com.apple.DiagnosticsService.Diagnostic-8068	PluginKitPlugin	B98BDA48-AE60-4AE6-8CF0-C6323BD9229D	\\?\R:\temp\private\var\mobile\Containers\Data\PluginKitPlugin
com.apple.ClassKitUI.PrivacyDisclosure	PluginKitPlugin	B9E9187E-585B-4464-B8D6-EC875E3D0042	\\?\R:\temp\private\var\mobile\Containers\Data\PluginKitPlugin
com.apple.ReplayKit.RPBroadcastActivityViewControllerExtension	PluginKitPlugin	BA5C3BE3-48BD-484A-8466-9675B3DD45EB	\\?\R:\temp\private\var\mobile\Containers\Data\PluginKitPlugin
com.apple.DiagnosticsService.Diagnostic-8079	PluginKitPlugin	BAFE48F8-DD4B-4C99-B388-34697C11EC07	\\?\R:\temp\private\var\mobile\Containers\Data\PluginKitPlugin
com.apple.eventkitui.spotlight	PluginKitPlugin	BC59BA49-E3E2-4288-9238-824EEEF93D4A	\\?\R:\temp\private\var\mobile\Containers\Data\PluginKitPlugin
com.apple.DiagnosticExtensions.Siri	PluginKitPlugin	BD4C1D39-C37F-43B1-B4D7-C941106C77B7	\\?\R:\temp\private\var\mobile\Containers\Data\PluginKitPlugin
com.apple.mobilenotes.SharingExtension	PluginKitPlugin	BE925952-D63F-4684-9BE4-1930A20ADB23	\\?\R:\temp\private\var\mobile\Containers\Data\PluginKitPlugin
com.apple.DiagnosticsService.Diagnostic-3904	PluginKitPlugin	BF149038-BDF0-40CD-92B9-8F393D0FE51C	\\?\R:\temp\private\var\mobile\Containers\Data\PluginKitPlugin
com.apple.DiagnosticExtensions.Phone	PluginKitPlugin	C0BD7E31-57BE-41EA-9E44-F3753F520EFC	\\?\R:\temp\private\var\mobile\Containers\Data\PluginKitPlugin
com.apple.DiagnosticsService.Diagnostic-8246	PluginKitPlugin	C1978FE6-5E10-473F-A5FC-F5780E1F92B0	\\?\R:\temp\private\var\mobile\Containers\Data\PluginKitPlugin
com.apple.CloudDocsUI.CloudSharing	PluginKitPlugin	C1DEEE4A-31CA-4C54-896B-97F78C4205F6	\\?\R:\temp\private\var\mobile\Containers\Data\PluginKitPlugin
com.apple.MobileSMS.MessagesNotificationExtension	PluginKitPlugin	C396EB05-B288-4C6E-AAF9-623333DC72F0	\\?\R:\temp\private\var\mobile\Containers\Data\PluginKitPlugin
com.apple.DiagnosticsService.Diagnostic-3743	PluginKitPlugin	C39B79CB-E2AD-4EAA-8203-86BAE5732491	\\?\R:\temp\private\var\mobile\Containers\Data\PluginKitPlugin
com.apple.MobileSMS.MessagesAssistantExtension	PluginKitPlugin	C3BF1D57-7BBD-49F8-B07A-750545D23044	\\?\R:\temp\private\var\mobile\Containers\Data\PluginKitPlugin
com.apple.exchangesyncexpress.framework.EASOAuthService	PluginKitPlugin	C43D9A2E-BA54-4865-A2A3-B3C8B6D253E4	\\?\R:\temp\private\var\mobile\Containers\Data\PluginKitPlugin
com.apple.CloudDocs.MobileDocumentsFileProvider	PluginKitPlugin	C4A97813-D82F-4932-B8E7-C85B638ED017	\\?\R:\temp\private\var\mobile\Containers\Data\PluginKitPlugin
com.apple.mobiletimer.WorldClockWidget	PluginKitPlugin	C5B3A130-B9F2-48F4-9975-686142A62E05	\\?\R:\temp\private\var\mobile\Containers\Data\PluginKitPlugin
com.apple.CarKit.CarDNDDiagnosticsExtension	PluginKitPlugin	C5F139EB-A2CF-4ED7-9201-C3E05516877B	\\?\R:\temp\private\var\mobile\Containers\Data\PluginKitPlugin
com.apple.TVRemoteUIService.TVRemoteIntentExtension	PluginKitPlugin	C68FFEFC-D59B-43B0-9F6A-16E3878B03F9	\\?\R:\temp\private\var\mobile\Containers\Data\PluginKitPlugin
com.apple.mobiletimer-framework.MobileTimerIntents	PluginKitPlugin	C69A3340-3044-4DFE-AF23-2620B9AB2A25	\\?\R:\temp\private\var\mobile\Containers\Data\PluginKitPlugin
com.apple.das.DASDaemon.DuetDiagnosticExtension	PluginKitPlugin	C6DD3680-D212-45CA-B5A0-157972A4AEDC	\\?\R:\temp\private\var\mobile\Containers\Data\PluginKitPlugin
com.apple.DiagnosticExtensions.CrashLogs	PluginKitPlugin	C819DCF9-88B0-48DE-8753-8A5E3D042E01	\\?\R:\temp\private\var\mobile\Containers\Data\PluginKitPlugin
com.apple.AssistantServices.SiriDE	PluginKitPlugin	CA4DEA1B-2897-4AD6-9F33-76A056B8B3A9	\\?\R:\temp\private\var\mobile\Containers\Data\PluginKitPlugin
com.apple.GameCenterUI.GameCenterDashboardExtension	PluginKitPlugin	CAC9768A-A2C3-436E-B671-E131F52566B8	\\?\R:\temp\private\var\mobile\Containers\Data\PluginKitPlugin
com.apple.Music.MediaPicker	PluginKitPlugin	CCB55865-A9F0-4B37-AE40-7AEECE7785F5	\\?\R:\temp\private\var\mobile\Containers\Data\PluginKitPlugin
com.apple.DiagnosticsService.Diagnostic-8201	PluginKitPlugin	CCCD5ED8-4EE2-4593-A65B-5119BC77F2BE	\\?\R:\temp\private\var\mobile\Containers\Data\PluginKitPlugin
com.apple.RemoteManagement.AppManagementExtension	PluginKitPlugin	CCF5F275-5A8D-4164-B18A-265FC180F6C6	\\?\R:\temp\private\var\mobile\Containers\Data\PluginKitPlugin
com.apple.BarcodeSupport.BarcodeNotificationExtension2	PluginKitPlugin	CD30D524-7D3B-4043-8A29-DF2F1A055838	\\?\R:\temp\private\var\mobile\Containers\Data\PluginKitPlugin
com.apple.DiagnosticExtensions.BasebandFBA	PluginKitPlugin	CD7F6A8C-139F-4142-853D-E6CCE46252F6	\\?\R:\temp\private\var\mobile\Containers\Data\PluginKitPlugin
com.apple.mobilemail.MailIntentsExtension	PluginKitPlugin	CD9FA423-8889-4C83-A31D-09BCBE17E2F1	\\?\R:\temp\private\var\mobile\Containers\Data\PluginKitPlugin
com.apple.reminders.sharingextension	PluginKitPlugin	CDC497F2-11BE-42DE-B1F3-DFC0429DD0C3	\\?\R:\temp\private\var\mobile\Containers\Data\PluginKitPlugin
com.apple.mobileslideshow.PhotosReliveWidget	PluginKitPlugin	CDF77BC8-3978-4AC0-BD13-ACB37DAAD150	\\?\R:\temp\private\var\mobile\Containers\Data\PluginKitPlugin
com.apple.DiagnosticsService.Diagnostic-4007	PluginKitPlugin	CE09BE07-7198-4CD5-8B19-1719645EE70E	\\?\R:\temp\private\var\mobile\Containers\Data\PluginKitPlugin
com.apple.podcasts.PodcastsAnnouncementsNotificationExtension	PluginKitPlugin	CF084A4F-112B-4341-A96D-1B8CF50F7BB7	\\?\R:\temp\private\var\mobile\Containers\Data\PluginKitPlugin
com.apple.RemoteManagement.InteractiveLegacyProfilesExtension	PluginKitPlugin	D37FE126-5C03-42F4-BFE8-58239326A91C	\\?\R:\temp\private\var\mobile\Containers\Data\PluginKitPlugin
com.apple.siri.SiriSettingsIntents.SettingsIntentExtension	PluginKitPlugin	D3982086-980F-464D-9869-E86E08C5C9D9	\\?\R:\temp\private\var\mobile\Containers\Data\PluginKitPlugin
com.apple.DiagnosticExtensions.HIDSensingDiagnosticExtension	PluginKitPlugin	D3E6CE26-A86C-4F6C-8FB6-075CAB5F85FD	\\?\R:\temp\private\var\mobile\Containers\Data\PluginKitPlugin
com.apple.CoreTelephony.CTFollowUpExtension	PluginKitPlugin	D416822A-A3EB-4BA5-ADB1-C99674443970	\\?\R:\temp\private\var\mobile\Containers\Data\PluginKitPlugin
com.apple.DiagnosticExtensions.Keyboard	PluginKitPlugin	D41D93E0-720C-4695-9C36-819A08E1EFDE	\\?\R:\temp\private\var\mobile\Containers\Data\PluginKitPlugin
com.apple.AppPredictionWidget.DiagnosticExtension	PluginKitPlugin	D59575E1-9AA4-4272-A32A-6738384EB5BC	\\?\R:\temp\private\var\mobile\Containers\Data\PluginKitPlugin
com.apple.tv.TVWidgetExtension	PluginKitPlugin	D5F02D53-7D0A-4FEB-94B5-348CDCF2307E	\\?\R:\temp\private\var\mobile\Containers\Data\PluginKitPlugin
com.apple.DiagnosticsService.Diagnostic-8209	PluginKitPlugin	D7040D19-422E-4AEF-AD76-0F818E0EC426	\\?\R:\temp\private\var\mobile\Containers\Data\PluginKitPlugin
com.apple.DiagnosticsService.Diagnostic-3738	PluginKitPlugin	D78C34DF-1181-4601-9AA3-AB32C1B9EB7F	\\?\R:\temp\private\var\mobile\Containers\Data\PluginKitPlugin
com.apple.corelocation.CoreLocationRepromptAlwaysAuthPromptPlugin	PluginKitPlugin	D8A39606-C8C9-4083-BC3A-C77812F57C44	\\?\R:\temp\private\var\mobile\Containers\Data\PluginKitPlugin
com.apple.DiagnosticsService.Diagnostic-8238	PluginKitPlugin	DB0AB074-34E2-4720-8C49-0A5849EC860F	\\?\R:\temp\private\var\mobile\Containers\Data\PluginKitPlugin
com.apple.mobilenotes.QuickLookExtension	PluginKitPlugin	DB169A7F-15C7-4E30-8D43-4C6E2D0073FF	\\?\R:\temp\private\var\mobile\Containers\Data\PluginKitPlugin
com.apple.Search.framework.SpotlightDiagnostic	PluginKitPlugin	DB5ECB0D-D481-4A37-A304-6CB93C47676E	\\?\R:\temp\private\var\mobile\Containers\Data\PluginKitPlugin
com.apple.Sharing.continuityRemote	PluginKitPlugin	DBF75BD8-2416-4A93-A58C-A9A80C3EFC72	\\?\R:\temp\private\var\mobile\Containers\Data\PluginKitPlugin
com.apple.mobileslideshow.PhotosFileProvider	PluginKitPlugin	DD7EBA3C-9A63-4904-BA7D-F3DFC82D98D5	\\?\R:\temp\private\var\mobile\Containers\Data\PluginKitPlugin
com.apple.shortcuts.Run-Workflow	PluginKitPlugin	DE715392-BBE7-4E5B-AF63-9DBD98893BBA	\\?\R:\temp\private\var\mobile\Containers\Data\PluginKitPlugin
com.apple.AppStoreOverlays.ViewService	PluginKitPlugin	DECEC42C-1CB8-4BB1-B61D-A3ED4C8156BC	\\?\R:\temp\private\var\mobile\Containers\Data\PluginKitPlugin
com.apple.mobilesafari.SafariDiagnosticExtension	PluginKitPlugin	DEFB7964-78FC-4953-A826-C78E6D29CFD0	\\?\R:\temp\private\var\mobile\Containers\Data\PluginKitPlugin
com.apple.findmy.FindMySiriIntents	PluginKitPlugin	DF40CC6F-D4E4-4598-BDF1-CD89F46DC8E4	\\?\R:\temp\private\var\mobile\Containers\Data\PluginKitPlugin
com.apple.WorkflowUI.WidgetConfigurationExtension	PluginKitPlugin	DF4DBF49-AB94-4131-98F3-329C36E400CE	\\?\R:\temp\private\var\mobile\Containers\Data\PluginKitPlugin
com.apple.CryptoTokenKit.secelemtoken	PluginKitPlugin	DF54C946-7F6F-4A70-8AF3-26EF84940D00	\\?\R:\temp\private\var\mobile\Containers\Data\PluginKitPlugin
com.apple.podcasts.PodcastsNotificationExtension	PluginKitPlugin	E0A5AE0C-6F89-47F3-82AA-AA11654991AF	\\?\R:\temp\private\var\mobile\Containers\Data\PluginKitPlugin
com.apple.podcasts.widget	PluginKitPlugin	E22A8E94-BCF9-4FEA-9D86-41C1DAA4F10F	\\?\R:\temp\private\var\mobile\Containers\Data\PluginKitPlugin
com.apple.IOAccessoryManagerFramework.WetNotification	PluginKitPlugin	E33CA63E-2F31-4C93-92A9-DFABE38AF9A2	\\?\R:\temp\private\var\mobile\Containers\Data\PluginKitPlugin
com.apple.mobilenotes.IntentsExtension	PluginKitPlugin	E3A623DD-B0DA-4831-B2E6-AD01EDE7FE38	\\?\R:\temp\private\var\mobile\Containers\Data\PluginKitPlugin
com.apple.findmy.FindMyNotificationsServiceExtension	PluginKitPlugin	E4257926-9C59-4DC7-8FFF-F8812E5D1052	\\?\R:\temp\private\var\mobile\Containers\Data\PluginKitPlugin
com.apple.SubcredentialUIService.SubcredentialInvitationMessagesExtension	PluginKitPlugin	E549A914-AC65-4ABA-891D-D005AA0F15CB	\\?\R:\temp\private\var\mobile\Containers\Data\PluginKitPlugin
com.apple.tv.TVNotificationContentExtension	PluginKitPlugin	E6010CCC-6920-4FD6-9193-E9CA4A7159A2	\\?\R:\temp\private\var\mobile\Containers\Data\PluginKitPlugin
com.apple.AppPredictionWidget.Siri.ActionPredictionNotificationContentIntents	PluginKitPlugin	E64A86F1-8EBC-413B-8614-6350516C1BC9	\\?\R:\temp\private\var\mobile\Containers\Data\PluginKitPlugin
com.apple.DiagnosticExtensions.Panic	PluginKitPlugin	E77DE4BB-C1CD-43EA-8779-3E927CC5235E	\\?\R:\temp\private\var\mobile\Containers\Data\PluginKitPlugin
com.apple.AuthKitUI.AKFollowUpServerUIExtension	PluginKitPlugin	E84290AC-9E21-4021-9DEC-D959FE2FDE90	\\?\R:\temp\private\var\mobile\Containers\Data\PluginKitPlugin
com.apple.mobilenotes.WidgetExtension	PluginKitPlugin	E8E75C43-966E-4CF8-A8D3-0DB645CEB639	\\?\R:\temp\private\var\mobile\Containers\Data\PluginKitPlugin
com.apple.DiagnosticExtensions.tailspin	PluginKitPlugin	EA1E5179-D3A5-406A-9BC1-7634DA963E2B	\\?\R:\temp\private\var\mobile\Containers\Data\PluginKitPlugin
com.apple.awd.AWDDiagnosticExtension	PluginKitPlugin	EA4FC424-F9B2-4057-8A5E-19AE724FA85A	\\?\R:\temp\private\var\mobile\Containers\Data\PluginKitPlugin
com.apple.DiagnosticExtensions.WirelessCharging	PluginKitPlugin	EC33AE34-E34D-4EF5-A1A2-480BA6D291A5	\\?\R:\temp\private\var\mobile\Containers\Data\PluginKitPlugin
com.apple.UIKit.screenpicker	PluginKitPlugin	EC61C97F-A34F-44AF-BD4A-1ECD94916CB1	\\?\R:\temp\private\var\mobile\Containers\Data\PluginKitPlugin
com.apple.InCallService.IntentsUI	PluginKitPlugin	EE1B8D75-F54B-4A43-88BD-BF8AB9F47739	\\?\R:\temp\private\var\mobile\Containers\Data\PluginKitPlugin
com.apple.GameCenterUI.GameCenterChallengeIssueExtension	PluginKitPlugin	EEBF0B65-B39D-431B-B165-9F59A702A207	\\?\R:\temp\private\var\mobile\Containers\Data\PluginKitPlugin
com.apple.mobileslideshow.PhotosSiriExtension	PluginKitPlugin	EF08CF3A-D1E4-4118-99F7-9704AE84A351	\\?\R:\temp\private\var\mobile\Containers\Data\PluginKitPlugin
com.apple.AppleMediaServices.FollowUpExtension	PluginKitPlugin	EF344BA7-F934-437D-86B1-58F46C905AB2	\\?\R:\temp\private\var\mobile\Containers\Data\PluginKitPlugin
com.apple.MarkupUI.MarkupPhotoExtension	PluginKitPlugin	EF710B3B-93B9-4727-B7AA-BF5ACD7D6558	\\?\R:\temp\private\var\mobile\Containers\Data\PluginKitPlugin
com.apple.Preferences.indexSettingsManifests	PluginKitPlugin	EF7833D8-CE8B-46FF-A5A4-EFAB769FC66A	\\?\R:\temp\private\var\mobile\Containers\Data\PluginKitPlugin
com.apple.reminderkit.NotificationContentExtension	PluginKitPlugin	EF79FDD7-7072-429A-BBC7-8DBFEE493F4B	\\?\R:\temp\private\var\mobile\Containers\Data\PluginKitPlugin
com.apple.AppSSOKerberos.KerberosExtension	PluginKitPlugin	EF890DC1-7E9E-4FA0-A1CC-A904C7531FCB	\\?\R:\temp\private\var\mobile\Containers\Data\PluginKitPlugin
com.apple.BiometricKit.BioLogDiagnostic	PluginKitPlugin	F1665A7D-836C-46FF-9E03-87D53921EAF9	\\?\R:\temp\private\var\mobile\Containers\Data\PluginKitPlugin
com.apple.UserNotificationsUIKit.ThumbnailProvider	PluginKitPlugin	F353199D-FC92-4C04-906F-A7C74D9FAE08	\\?\R:\temp\private\var\mobile\Containers\Data\PluginKitPlugin
com.apple.tv.TVCoreSpotlightExtension	PluginKitPlugin	F3F4C4E0-DCC8-45A5-BBEA-C238B72A8331	\\?\R:\temp\private\var\mobile\Containers\Data\PluginKitPlugin
com.apple.Home.HomeUtilNotification	PluginKitPlugin	F4545FB2-1F64-41AC-A08A-5FFDFB8EC8D2	\\?\R:\temp\private\var\mobile\Containers\Data\PluginKitPlugin
com.apple.DiagnosticsService.Diagnostic-4183	PluginKitPlugin	F5167362-25D4-49F6-B8FD-3A50DDE7F7C8	\\?\R:\temp\private\var\mobile\Containers\Data\PluginKitPlugin
com.apple.DiagnosticExtensions.B389	PluginKitPlugin	F595F4F2-3549-4766-BD9A-9EE505E4082D	\\?\R:\temp\private\var\mobile\Containers\Data\PluginKitPlugin
com.apple.SleepHealthUI.SleepNotificationContentExtension	PluginKitPlugin	F6591D8F-CCEB-42F2-9B4A-4DD3D35A2409	\\?\R:\temp\private\var\mobile\Containers\Data\PluginKitPlugin
com.apple.siri.parsec.HashtagImagesApp.HashtagImagesExtension	PluginKitPlugin	F665F229-B103-4D18-8B4A-9A936F7F9B45	\\?\R:\temp\private\var\mobile\Containers\Data\PluginKitPlugin
com.apple.DiagnosticExtensions.Messages	PluginKitPlugin	F6998A65-6E7D-4DD4-83C7-BA6D6740E34B	\\?\R:\temp\private\var\mobile\Containers\Data\PluginKitPlugin
com.apple.AVConference.Diagnostic	PluginKitPlugin	F75B46B0-0213-4159-A2D5-92E58BD76A34	\\?\R:\temp\private\var\mobile\Containers\Data\PluginKitPlugin
com.apple.news.NewsAudioExtension	PluginKitPlugin	F7928BE5-D21A-4ACC-956F-3B1445CC2E9D	\\?\R:\temp\private\var\mobile\Containers\Data\PluginKitPlugin
com.apple.DiagnosticsService.Diagnostic-8253	PluginKitPlugin	F7CBB2EC-C400-40E2-AAF4-48FAC7DB0386	\\?\R:\temp\private\var\mobile\Containers\Data\PluginKitPlugin
com.apple.mobileslideshow.photo-picker	PluginKitPlugin	F854187E-20DA-4A36-A1F9-494DD5C3E561	\\?\R:\temp\private\var\mobile\Containers\Data\PluginKitPlugin
com.apple.DiagnosticsService.Diagnostic-3732	PluginKitPlugin	F9342616-3F92-4865-916F-B5EF3CE15A5A	\\?\R:\temp\private\var\mobile\Containers\Data\PluginKitPlugin
com.apple.NewDeviceOutreach.Extension	PluginKitPlugin	F973DD10-A8D6-479A-925D-601BA9975C47	\\?\R:\temp\private\var\mobile\Containers\Data\PluginKitPlugin
com.apple.RemoteManagement.LegacyProfilesExtension	PluginKitPlugin	FAF06E41-3F79-42A4-B738-2CC566B66016	\\?\R:\temp\private\var\mobile\Containers\Data\PluginKitPlugin
com.apple.DiagnosticsService.Diagnostic-8217	PluginKitPlugin	FD9BF4EF-3027-4071-B0ED-2D37AD80D9A7	\\?\R:\temp\private\var\mobile\Containers\Data\PluginKitPlugin
com.apple.sidecar.extension.camera	PluginKitPlugin	FDF6FC11-7EFD-40B0-A0BF-63F11453256B	\\?\R:\temp\private\var\mobile\Containers\Data\PluginKitPlugin
com.apple.Music.MusicNotificationContentExtension	PluginKitPlugin	FF2DD1B8-5C23-4FFB-9E4B-F9271AB75248	\\?\R:\temp\private\var\mobile\Containers\Data\PluginKitPlugin
com.apple.news.articlenotificationserviceextension	PluginKitPlugin	FF5B6268-07F5-4516-9AF6-A8DC65256345	\\?\R:\temp\private\var\mobile\Containers\Data\PluginKitPlugin
com.apple.reminders.IntentsExtension	PluginKitPlugin	FF7A2518-1821-48D5-8B08-383FAC0A2C74	\\?\R:\temp\private\var\mobile\Containers\Data\PluginKitPlugin
com.apple.Sharing.AirDropAlertUI	PluginKitPlugin	FFC09F4B-E994-4D62-8BAD-84B306B214AE	\\?\R:\temp\private\var\mobile\Containers\Data\PluginKitPlugin
