Timestamp Modified	Media	Mime Type	Filename	Path
2023-07-09 09:15:50	"<a href="".\Cache Data\fsCachedData\059F46F0-826D-40B1-AC34-CCC5DBE1AF1E"" target=""_blank""> Link to application/octet-stream </>"	application/octet-stream	059F46F0-826D-40B1-AC34-CCC5DBE1AF1E	\\?\R:\temp\private\var\mobile\Containers\Data\Application\00BC1A50-697E-48A1-A057-B48D3FB65912\Library\Caches\com.apple.AppStore\fsCachedData\059F46F0-826D-40B1-AC34-CCC5DBE1AF1E
2023-07-09 06:43:33	"<a href="".\Cache Data\fsCachedData\08A157BE-93A1-4CE4-BE70-09D7602B1AE6"" target=""_blank""> Link to application/octet-stream </>"	application/octet-stream	08A157BE-93A1-4CE4-BE70-09D7602B1AE6	\\?\R:\temp\private\var\mobile\Containers\Data\Application\00BC1A50-697E-48A1-A057-B48D3FB65912\Library\Caches\com.apple.AppStore\fsCachedData\08A157BE-93A1-4CE4-BE70-09D7602B1AE6
2023-07-09 06:43:17	"<a href="".\Cache Data\fsCachedData\08DB6F17-412E-4340-956D-16070817C607"" target=""_blank""> Link to application/octet-stream </>"	application/octet-stream	08DB6F17-412E-4340-956D-16070817C607	\\?\R:\temp\private\var\mobile\Containers\Data\Application\00BC1A50-697E-48A1-A057-B48D3FB65912\Library\Caches\com.apple.AppStore\fsCachedData\08DB6F17-412E-4340-956D-16070817C607
2023-07-09 06:48:44	"<a href="".\Cache Data\fsCachedData\1180C054-2F1B-4C0C-981C-25A5E3C1D52E"" target=""_blank""> Link to application/octet-stream </>"	application/octet-stream	1180C054-2F1B-4C0C-981C-25A5E3C1D52E	\\?\R:\temp\private\var\mobile\Containers\Data\Application\00BC1A50-697E-48A1-A057-B48D3FB65912\Library\Caches\com.apple.AppStore\fsCachedData\1180C054-2F1B-4C0C-981C-25A5E3C1D52E
2023-07-09 06:43:14	"<a href="".\Cache Data\fsCachedData\12CDD5A9-193E-40EE-82C0-8A55DAFAF3B7"" target=""_blank""> Link to application/octet-stream </>"	application/octet-stream	12CDD5A9-193E-40EE-82C0-8A55DAFAF3B7	\\?\R:\temp\private\var\mobile\Containers\Data\Application\00BC1A50-697E-48A1-A057-B48D3FB65912\Library\Caches\com.apple.AppStore\fsCachedData\12CDD5A9-193E-40EE-82C0-8A55DAFAF3B7
2023-07-09 06:43:21	"<a href="".\Cache Data\fsCachedData\1A53EFE9-833B-4BC5-88A6-5055A37B3217"" target=""_blank""> Link to application/octet-stream </>"	application/octet-stream	1A53EFE9-833B-4BC5-88A6-5055A37B3217	\\?\R:\temp\private\var\mobile\Containers\Data\Application\00BC1A50-697E-48A1-A057-B48D3FB65912\Library\Caches\com.apple.AppStore\fsCachedData\1A53EFE9-833B-4BC5-88A6-5055A37B3217
2023-07-09 06:43:14	"<a href="".\Cache Data\fsCachedData\1C06B776-B4D2-4E0B-B4B5-261C92EF49E4"" target=""_blank""> Link to application/octet-stream </>"	application/octet-stream	1C06B776-B4D2-4E0B-B4B5-261C92EF49E4	\\?\R:\temp\private\var\mobile\Containers\Data\Application\00BC1A50-697E-48A1-A057-B48D3FB65912\Library\Caches\com.apple.AppStore\fsCachedData\1C06B776-B4D2-4E0B-B4B5-261C92EF49E4
2023-07-09 06:43:36	"<a href="".\Cache Data\fsCachedData\1CF7F66F-AE1E-4369-A944-241AA4A1774F"" target=""_blank""> Link to application/octet-stream </>"	application/octet-stream	1CF7F66F-AE1E-4369-A944-241AA4A1774F	\\?\R:\temp\private\var\mobile\Containers\Data\Application\00BC1A50-697E-48A1-A057-B48D3FB65912\Library\Caches\com.apple.AppStore\fsCachedData\1CF7F66F-AE1E-4369-A944-241AA4A1774F
2023-07-09 09:15:48	"<a href="".\Cache Data\fsCachedData\1D8E59FA-9FE3-408B-A0C4-E19F01BAB087"" target=""_blank""> Link to text/plain </>"	text/plain	1D8E59FA-9FE3-408B-A0C4-E19F01BAB087	\\?\R:\temp\private\var\mobile\Containers\Data\Application\00BC1A50-697E-48A1-A057-B48D3FB65912\Library\Caches\com.apple.AppStore\fsCachedData\1D8E59FA-9FE3-408B-A0C4-E19F01BAB087
2023-07-09 06:43:21	"<a href="".\Cache Data\fsCachedData\1F14642B-C0E8-4904-99AE-F0814FB6B31E"" target=""_blank""> Link to text/plain </>"	text/plain	1F14642B-C0E8-4904-99AE-F0814FB6B31E	\\?\R:\temp\private\var\mobile\Containers\Data\Application\00BC1A50-697E-48A1-A057-B48D3FB65912\Library\Caches\com.apple.AppStore\fsCachedData\1F14642B-C0E8-4904-99AE-F0814FB6B31E
2023-07-09 09:15:48	"<a href="".\Cache Data\fsCachedData\21A36B84-D5B0-4427-BB4F-84333CC85FFF"" target=""_blank""> Link to text/plain </>"	text/plain	21A36B84-D5B0-4427-BB4F-84333CC85FFF	\\?\R:\temp\private\var\mobile\Containers\Data\Application\00BC1A50-697E-48A1-A057-B48D3FB65912\Library\Caches\com.apple.AppStore\fsCachedData\21A36B84-D5B0-4427-BB4F-84333CC85FFF
2023-07-09 06:46:12	"<a href="".\Cache Data\fsCachedData\23A50414-E304-4F23-B4F8-64673BA41F1A"" target=""_blank""> Link to text/plain </>"	text/plain	23A50414-E304-4F23-B4F8-64673BA41F1A	\\?\R:\temp\private\var\mobile\Containers\Data\Application\00BC1A50-697E-48A1-A057-B48D3FB65912\Library\Caches\com.apple.AppStore\fsCachedData\23A50414-E304-4F23-B4F8-64673BA41F1A
2023-07-09 06:43:33	"<a href="".\Cache Data\fsCachedData\2832D80D-2CD9-4A24-9106-75AAC2E6DDDE"" target=""_blank""> Link to application/octet-stream </>"	application/octet-stream	2832D80D-2CD9-4A24-9106-75AAC2E6DDDE	\\?\R:\temp\private\var\mobile\Containers\Data\Application\00BC1A50-697E-48A1-A057-B48D3FB65912\Library\Caches\com.apple.AppStore\fsCachedData\2832D80D-2CD9-4A24-9106-75AAC2E6DDDE
2023-07-09 06:43:33	"<a href="".\Cache Data\fsCachedData\2FE44285-528C-4362-B285-5CB1B9031F2B"" target=""_blank""> Link to application/octet-stream </>"	application/octet-stream	2FE44285-528C-4362-B285-5CB1B9031F2B	\\?\R:\temp\private\var\mobile\Containers\Data\Application\00BC1A50-697E-48A1-A057-B48D3FB65912\Library\Caches\com.apple.AppStore\fsCachedData\2FE44285-528C-4362-B285-5CB1B9031F2B
2023-07-09 06:48:41	"<a href="".\Cache Data\fsCachedData\3FF85324-8C52-4398-AA49-43E06D6AFE7A"" target=""_blank""> Link to application/octet-stream </>"	application/octet-stream	3FF85324-8C52-4398-AA49-43E06D6AFE7A	\\?\R:\temp\private\var\mobile\Containers\Data\Application\00BC1A50-697E-48A1-A057-B48D3FB65912\Library\Caches\com.apple.AppStore\fsCachedData\3FF85324-8C52-4398-AA49-43E06D6AFE7A
2023-07-09 06:43:36	"<a href="".\Cache Data\fsCachedData\462D92EE-9449-4661-B975-123B04518FA4"" target=""_blank""> Link to application/octet-stream </>"	application/octet-stream	462D92EE-9449-4661-B975-123B04518FA4	\\?\R:\temp\private\var\mobile\Containers\Data\Application\00BC1A50-697E-48A1-A057-B48D3FB65912\Library\Caches\com.apple.AppStore\fsCachedData\462D92EE-9449-4661-B975-123B04518FA4
2023-07-09 06:48:47	"<a href="".\Cache Data\fsCachedData\4B2B65BB-F38F-4EE7-8004-93929EC1F445"" target=""_blank""> Link to application/octet-stream </>"	application/octet-stream	4B2B65BB-F38F-4EE7-8004-93929EC1F445	\\?\R:\temp\private\var\mobile\Containers\Data\Application\00BC1A50-697E-48A1-A057-B48D3FB65912\Library\Caches\com.apple.AppStore\fsCachedData\4B2B65BB-F38F-4EE7-8004-93929EC1F445
2023-07-09 06:48:41	"<a href="".\Cache Data\fsCachedData\57437130-8EA8-451D-B66D-4639D56BCF82"" target=""_blank""> Link to application/octet-stream </>"	application/octet-stream	57437130-8EA8-451D-B66D-4639D56BCF82	\\?\R:\temp\private\var\mobile\Containers\Data\Application\00BC1A50-697E-48A1-A057-B48D3FB65912\Library\Caches\com.apple.AppStore\fsCachedData\57437130-8EA8-451D-B66D-4639D56BCF82
2023-07-09 06:43:14	"<a href="".\Cache Data\fsCachedData\5888347C-4B35-4AC3-B81C-71B7B546CAF4"" target=""_blank""> Link to text/plain </>"	text/plain	5888347C-4B35-4AC3-B81C-71B7B546CAF4	\\?\R:\temp\private\var\mobile\Containers\Data\Application\00BC1A50-697E-48A1-A057-B48D3FB65912\Library\Caches\com.apple.AppStore\fsCachedData\5888347C-4B35-4AC3-B81C-71B7B546CAF4
2023-07-09 06:43:56	"<a href="".\Cache Data\fsCachedData\61446DC7-B4AF-430A-A31E-198120D978A0"" target=""_blank""> Link to text/plain </>"	text/plain	61446DC7-B4AF-430A-A31E-198120D978A0	\\?\R:\temp\private\var\mobile\Containers\Data\Application\00BC1A50-697E-48A1-A057-B48D3FB65912\Library\Caches\com.apple.AppStore\fsCachedData\61446DC7-B4AF-430A-A31E-198120D978A0
2023-07-09 06:48:46	"<a href="".\Cache Data\fsCachedData\619D9CA6-EA66-45E2-8AB8-EC0CA779974F"" target=""_blank""> Link to application/octet-stream </>"	application/octet-stream	619D9CA6-EA66-45E2-8AB8-EC0CA779974F	\\?\R:\temp\private\var\mobile\Containers\Data\Application\00BC1A50-697E-48A1-A057-B48D3FB65912\Library\Caches\com.apple.AppStore\fsCachedData\619D9CA6-EA66-45E2-8AB8-EC0CA779974F
2023-07-09 06:43:14	"<a href="".\Cache Data\fsCachedData\68F1844A-314E-431A-B736-11349C7CE9E3"" target=""_blank""> Link to application/octet-stream </>"	application/octet-stream	68F1844A-314E-431A-B736-11349C7CE9E3	\\?\R:\temp\private\var\mobile\Containers\Data\Application\00BC1A50-697E-48A1-A057-B48D3FB65912\Library\Caches\com.apple.AppStore\fsCachedData\68F1844A-314E-431A-B736-11349C7CE9E3
2023-07-09 06:43:11	"<a href="".\Cache Data\fsCachedData\6C552D4F-043E-4F59-8CD5-A2BECA522A04"" target=""_blank""> Link to text/plain </>"	text/plain	6C552D4F-043E-4F59-8CD5-A2BECA522A04	\\?\R:\temp\private\var\mobile\Containers\Data\Application\00BC1A50-697E-48A1-A057-B48D3FB65912\Library\Caches\com.apple.AppStore\fsCachedData\6C552D4F-043E-4F59-8CD5-A2BECA522A04
2023-07-09 09:15:47	"<a href="".\Cache Data\fsCachedData\6E3CF6AC-1C27-42A9-8FD5-00BEF0C75C53"" target=""_blank""> Link to application/octet-stream </>"	application/octet-stream	6E3CF6AC-1C27-42A9-8FD5-00BEF0C75C53	\\?\R:\temp\private\var\mobile\Containers\Data\Application\00BC1A50-697E-48A1-A057-B48D3FB65912\Library\Caches\com.apple.AppStore\fsCachedData\6E3CF6AC-1C27-42A9-8FD5-00BEF0C75C53
2023-07-09 06:48:46	"<a href="".\Cache Data\fsCachedData\70C8B947-C560-4B53-81F9-65C4233FA7A4"" target=""_blank""> Link to application/octet-stream </>"	application/octet-stream	70C8B947-C560-4B53-81F9-65C4233FA7A4	\\?\R:\temp\private\var\mobile\Containers\Data\Application\00BC1A50-697E-48A1-A057-B48D3FB65912\Library\Caches\com.apple.AppStore\fsCachedData\70C8B947-C560-4B53-81F9-65C4233FA7A4
2023-07-09 06:48:41	"<a href="".\Cache Data\fsCachedData\724AE056-0D01-4296-BFFE-427B4CDFFBDD"" target=""_blank""> Link to application/octet-stream </>"	application/octet-stream	724AE056-0D01-4296-BFFE-427B4CDFFBDD	\\?\R:\temp\private\var\mobile\Containers\Data\Application\00BC1A50-697E-48A1-A057-B48D3FB65912\Library\Caches\com.apple.AppStore\fsCachedData\724AE056-0D01-4296-BFFE-427B4CDFFBDD
2023-07-09 06:48:46	"<a href="".\Cache Data\fsCachedData\74EB13B2-B0AF-4313-A06F-160210C08796"" target=""_blank""> Link to application/octet-stream </>"	application/octet-stream	74EB13B2-B0AF-4313-A06F-160210C08796	\\?\R:\temp\private\var\mobile\Containers\Data\Application\00BC1A50-697E-48A1-A057-B48D3FB65912\Library\Caches\com.apple.AppStore\fsCachedData\74EB13B2-B0AF-4313-A06F-160210C08796
2023-07-09 09:15:48	"<a href="".\Cache Data\fsCachedData\755C4FEF-6491-41DD-9CF7-2AC81DD508F8"" target=""_blank""> Link to application/octet-stream </>"	application/octet-stream	755C4FEF-6491-41DD-9CF7-2AC81DD508F8	\\?\R:\temp\private\var\mobile\Containers\Data\Application\00BC1A50-697E-48A1-A057-B48D3FB65912\Library\Caches\com.apple.AppStore\fsCachedData\755C4FEF-6491-41DD-9CF7-2AC81DD508F8
2023-07-09 06:43:21	"<a href="".\Cache Data\fsCachedData\760D0DBC-4996-4025-A27D-6DD1E03D9724"" target=""_blank""> Link to text/plain </>"	text/plain	760D0DBC-4996-4025-A27D-6DD1E03D9724	\\?\R:\temp\private\var\mobile\Containers\Data\Application\00BC1A50-697E-48A1-A057-B48D3FB65912\Library\Caches\com.apple.AppStore\fsCachedData\760D0DBC-4996-4025-A27D-6DD1E03D9724
2023-07-09 06:43:33	"<a href="".\Cache Data\fsCachedData\7672BE94-E7CC-4FCD-8C88-0B2C5E4A9009"" target=""_blank""> Link to application/octet-stream </>"	application/octet-stream	7672BE94-E7CC-4FCD-8C88-0B2C5E4A9009	\\?\R:\temp\private\var\mobile\Containers\Data\Application\00BC1A50-697E-48A1-A057-B48D3FB65912\Library\Caches\com.apple.AppStore\fsCachedData\7672BE94-E7CC-4FCD-8C88-0B2C5E4A9009
2023-07-09 06:48:50	"<a href="".\Cache Data\fsCachedData\78F1EA73-6B84-44F3-88F3-C8EAE1F62865"" target=""_blank""> Link to application/octet-stream </>"	application/octet-stream	78F1EA73-6B84-44F3-88F3-C8EAE1F62865	\\?\R:\temp\private\var\mobile\Containers\Data\Application\00BC1A50-697E-48A1-A057-B48D3FB65912\Library\Caches\com.apple.AppStore\fsCachedData\78F1EA73-6B84-44F3-88F3-C8EAE1F62865
2023-07-09 06:46:12	"<a href="".\Cache Data\fsCachedData\7CD3F499-55F4-4D92-B423-8733534066AC"" target=""_blank""> Link to text/plain </>"	text/plain	7CD3F499-55F4-4D92-B423-8733534066AC	\\?\R:\temp\private\var\mobile\Containers\Data\Application\00BC1A50-697E-48A1-A057-B48D3FB65912\Library\Caches\com.apple.AppStore\fsCachedData\7CD3F499-55F4-4D92-B423-8733534066AC
2023-07-09 06:43:14	"<a href="".\Cache Data\fsCachedData\80F67F7F-3DE2-4C97-BDF1-2169F64F8CD1"" target=""_blank""> Link to application/octet-stream </>"	application/octet-stream	80F67F7F-3DE2-4C97-BDF1-2169F64F8CD1	\\?\R:\temp\private\var\mobile\Containers\Data\Application\00BC1A50-697E-48A1-A057-B48D3FB65912\Library\Caches\com.apple.AppStore\fsCachedData\80F67F7F-3DE2-4C97-BDF1-2169F64F8CD1
2023-07-09 06:43:36	"<a href="".\Cache Data\fsCachedData\81DA0C42-AAB6-4185-B6C5-76B54CEADD17"" target=""_blank""> Link to application/octet-stream </>"	application/octet-stream	81DA0C42-AAB6-4185-B6C5-76B54CEADD17	\\?\R:\temp\private\var\mobile\Containers\Data\Application\00BC1A50-697E-48A1-A057-B48D3FB65912\Library\Caches\com.apple.AppStore\fsCachedData\81DA0C42-AAB6-4185-B6C5-76B54CEADD17
2023-07-09 06:43:14	"<a href="".\Cache Data\fsCachedData\85E43C6D-91E6-4FA6-ADCC-5FF37CDAC7EA"" target=""_blank""> Link to application/octet-stream </>"	application/octet-stream	85E43C6D-91E6-4FA6-ADCC-5FF37CDAC7EA	\\?\R:\temp\private\var\mobile\Containers\Data\Application\00BC1A50-697E-48A1-A057-B48D3FB65912\Library\Caches\com.apple.AppStore\fsCachedData\85E43C6D-91E6-4FA6-ADCC-5FF37CDAC7EA
2023-07-09 06:48:41	"<a href="".\Cache Data\fsCachedData\867C167E-E4EE-437D-B5F9-C2E24D70581B"" target=""_blank""> Link to application/octet-stream </>"	application/octet-stream	867C167E-E4EE-437D-B5F9-C2E24D70581B	\\?\R:\temp\private\var\mobile\Containers\Data\Application\00BC1A50-697E-48A1-A057-B48D3FB65912\Library\Caches\com.apple.AppStore\fsCachedData\867C167E-E4EE-437D-B5F9-C2E24D70581B
2023-07-09 06:48:47	"<a href="".\Cache Data\fsCachedData\8A2FE25E-4034-4ECB-88CF-F3A6EA430554"" target=""_blank""> Link to application/octet-stream </>"	application/octet-stream	8A2FE25E-4034-4ECB-88CF-F3A6EA430554	\\?\R:\temp\private\var\mobile\Containers\Data\Application\00BC1A50-697E-48A1-A057-B48D3FB65912\Library\Caches\com.apple.AppStore\fsCachedData\8A2FE25E-4034-4ECB-88CF-F3A6EA430554
2023-07-09 06:43:10	"<a href="".\Cache Data\fsCachedData\8DE1D725-85DB-4E30-AB1A-2DE0FEF88E07"" target=""_blank""> Link to text/plain </>"	text/plain	8DE1D725-85DB-4E30-AB1A-2DE0FEF88E07	\\?\R:\temp\private\var\mobile\Containers\Data\Application\00BC1A50-697E-48A1-A057-B48D3FB65912\Library\Caches\com.apple.AppStore\fsCachedData\8DE1D725-85DB-4E30-AB1A-2DE0FEF88E07
2023-07-09 06:48:41	"<a href="".\Cache Data\fsCachedData\8EDBB19F-C616-4F10-9C5C-002BAD778FFE"" target=""_blank""> Link to application/octet-stream </>"	application/octet-stream	8EDBB19F-C616-4F10-9C5C-002BAD778FFE	\\?\R:\temp\private\var\mobile\Containers\Data\Application\00BC1A50-697E-48A1-A057-B48D3FB65912\Library\Caches\com.apple.AppStore\fsCachedData\8EDBB19F-C616-4F10-9C5C-002BAD778FFE
2023-07-09 06:43:18	"<a href="".\Cache Data\fsCachedData\91B54FF3-B019-4489-BE16-EC021A56B25E"" target=""_blank""> Link to application/octet-stream </>"	application/octet-stream	91B54FF3-B019-4489-BE16-EC021A56B25E	\\?\R:\temp\private\var\mobile\Containers\Data\Application\00BC1A50-697E-48A1-A057-B48D3FB65912\Library\Caches\com.apple.AppStore\fsCachedData\91B54FF3-B019-4489-BE16-EC021A56B25E
2023-07-09 06:43:14	"<a href="".\Cache Data\fsCachedData\987684A5-D5ED-4339-B253-129A7E590A7B"" target=""_blank""> Link to application/octet-stream </>"	application/octet-stream	987684A5-D5ED-4339-B253-129A7E590A7B	\\?\R:\temp\private\var\mobile\Containers\Data\Application\00BC1A50-697E-48A1-A057-B48D3FB65912\Library\Caches\com.apple.AppStore\fsCachedData\987684A5-D5ED-4339-B253-129A7E590A7B
2023-07-09 06:43:14	"<a href="".\Cache Data\fsCachedData\990FBA8D-8D16-4795-A344-5D27DC13A4D1"" target=""_blank""> Link to application/octet-stream </>"	application/octet-stream	990FBA8D-8D16-4795-A344-5D27DC13A4D1	\\?\R:\temp\private\var\mobile\Containers\Data\Application\00BC1A50-697E-48A1-A057-B48D3FB65912\Library\Caches\com.apple.AppStore\fsCachedData\990FBA8D-8D16-4795-A344-5D27DC13A4D1
2023-07-09 06:43:33	"<a href="".\Cache Data\fsCachedData\9A42C8BE-5BB4-4D33-AFE1-B3AD38FF3A94"" target=""_blank""> Link to application/octet-stream </>"	application/octet-stream	9A42C8BE-5BB4-4D33-AFE1-B3AD38FF3A94	\\?\R:\temp\private\var\mobile\Containers\Data\Application\00BC1A50-697E-48A1-A057-B48D3FB65912\Library\Caches\com.apple.AppStore\fsCachedData\9A42C8BE-5BB4-4D33-AFE1-B3AD38FF3A94
2023-07-09 06:43:36	"<a href="".\Cache Data\fsCachedData\9FD42662-F572-43FC-B4AC-542A9D1A0557"" target=""_blank""> Link to application/octet-stream </>"	application/octet-stream	9FD42662-F572-43FC-B4AC-542A9D1A0557	\\?\R:\temp\private\var\mobile\Containers\Data\Application\00BC1A50-697E-48A1-A057-B48D3FB65912\Library\Caches\com.apple.AppStore\fsCachedData\9FD42662-F572-43FC-B4AC-542A9D1A0557
2023-07-09 06:43:14	"<a href="".\Cache Data\fsCachedData\A40B49C0-A880-41B7-A16A-BDD45D8D5054"" target=""_blank""> Link to application/octet-stream </>"	application/octet-stream	A40B49C0-A880-41B7-A16A-BDD45D8D5054	\\?\R:\temp\private\var\mobile\Containers\Data\Application\00BC1A50-697E-48A1-A057-B48D3FB65912\Library\Caches\com.apple.AppStore\fsCachedData\A40B49C0-A880-41B7-A16A-BDD45D8D5054
2023-07-09 06:48:42	"<a href="".\Cache Data\fsCachedData\A4B3C775-34C5-4506-86F2-D92F210FB838"" target=""_blank""> Link to application/octet-stream </>"	application/octet-stream	A4B3C775-34C5-4506-86F2-D92F210FB838	\\?\R:\temp\private\var\mobile\Containers\Data\Application\00BC1A50-697E-48A1-A057-B48D3FB65912\Library\Caches\com.apple.AppStore\fsCachedData\A4B3C775-34C5-4506-86F2-D92F210FB838
2023-07-09 06:43:33	"<a href="".\Cache Data\fsCachedData\A705614F-666B-434E-86B8-C6915AE7255A"" target=""_blank""> Link to text/plain </>"	text/plain	A705614F-666B-434E-86B8-C6915AE7255A	\\?\R:\temp\private\var\mobile\Containers\Data\Application\00BC1A50-697E-48A1-A057-B48D3FB65912\Library\Caches\com.apple.AppStore\fsCachedData\A705614F-666B-434E-86B8-C6915AE7255A
2023-07-09 06:48:41	"<a href="".\Cache Data\fsCachedData\AC2AD34C-E4FF-47FC-8491-07F924A9A13D"" target=""_blank""> Link to application/octet-stream </>"	application/octet-stream	AC2AD34C-E4FF-47FC-8491-07F924A9A13D	\\?\R:\temp\private\var\mobile\Containers\Data\Application\00BC1A50-697E-48A1-A057-B48D3FB65912\Library\Caches\com.apple.AppStore\fsCachedData\AC2AD34C-E4FF-47FC-8491-07F924A9A13D
2023-07-09 06:48:42	"<a href="".\Cache Data\fsCachedData\AC5A7050-9C87-4B00-B650-61D2AD193B63"" target=""_blank""> Link to application/octet-stream </>"	application/octet-stream	AC5A7050-9C87-4B00-B650-61D2AD193B63	\\?\R:\temp\private\var\mobile\Containers\Data\Application\00BC1A50-697E-48A1-A057-B48D3FB65912\Library\Caches\com.apple.AppStore\fsCachedData\AC5A7050-9C87-4B00-B650-61D2AD193B63
2023-07-09 09:15:48	"<a href="".\Cache Data\fsCachedData\B0C24AE1-756D-4ABC-B099-96DD1936A528"" target=""_blank""> Link to text/plain </>"	text/plain	B0C24AE1-756D-4ABC-B099-96DD1936A528	\\?\R:\temp\private\var\mobile\Containers\Data\Application\00BC1A50-697E-48A1-A057-B48D3FB65912\Library\Caches\com.apple.AppStore\fsCachedData\B0C24AE1-756D-4ABC-B099-96DD1936A528
2023-07-09 09:15:48	"<a href="".\Cache Data\fsCachedData\B1D9BD69-C10D-4A2E-9A2E-019DBF787566"" target=""_blank""> Link to application/octet-stream </>"	application/octet-stream	B1D9BD69-C10D-4A2E-9A2E-019DBF787566	\\?\R:\temp\private\var\mobile\Containers\Data\Application\00BC1A50-697E-48A1-A057-B48D3FB65912\Library\Caches\com.apple.AppStore\fsCachedData\B1D9BD69-C10D-4A2E-9A2E-019DBF787566
2023-07-09 06:43:33	"<a href="".\Cache Data\fsCachedData\B278B7C1-D91D-4BAF-A7C0-00BACFE31383"" target=""_blank""> Link to text/plain </>"	text/plain	B278B7C1-D91D-4BAF-A7C0-00BACFE31383	\\?\R:\temp\private\var\mobile\Containers\Data\Application\00BC1A50-697E-48A1-A057-B48D3FB65912\Library\Caches\com.apple.AppStore\fsCachedData\B278B7C1-D91D-4BAF-A7C0-00BACFE31383
2023-07-09 06:43:21	"<a href="".\Cache Data\fsCachedData\B52861BD-D029-41C8-8DFF-3ACCA5952988"" target=""_blank""> Link to application/octet-stream </>"	application/octet-stream	B52861BD-D029-41C8-8DFF-3ACCA5952988	\\?\R:\temp\private\var\mobile\Containers\Data\Application\00BC1A50-697E-48A1-A057-B48D3FB65912\Library\Caches\com.apple.AppStore\fsCachedData\B52861BD-D029-41C8-8DFF-3ACCA5952988
2023-07-09 06:43:33	"<a href="".\Cache Data\fsCachedData\BA1D0AF6-06D5-4F64-9A54-95272BED1DCE"" target=""_blank""> Link to application/octet-stream </>"	application/octet-stream	BA1D0AF6-06D5-4F64-9A54-95272BED1DCE	\\?\R:\temp\private\var\mobile\Containers\Data\Application\00BC1A50-697E-48A1-A057-B48D3FB65912\Library\Caches\com.apple.AppStore\fsCachedData\BA1D0AF6-06D5-4F64-9A54-95272BED1DCE
2023-07-09 09:15:48	"<a href="".\Cache Data\fsCachedData\C12D38DC-C4D8-4B56-8D97-FB601E8920C5"" target=""_blank""> Link to application/octet-stream </>"	application/octet-stream	C12D38DC-C4D8-4B56-8D97-FB601E8920C5	\\?\R:\temp\private\var\mobile\Containers\Data\Application\00BC1A50-697E-48A1-A057-B48D3FB65912\Library\Caches\com.apple.AppStore\fsCachedData\C12D38DC-C4D8-4B56-8D97-FB601E8920C5
2023-07-09 09:15:48	"<a href="".\Cache Data\fsCachedData\C132DC58-53A9-4182-83FB-8E2D25EBD57A"" target=""_blank""> Link to application/octet-stream </>"	application/octet-stream	C132DC58-53A9-4182-83FB-8E2D25EBD57A	\\?\R:\temp\private\var\mobile\Containers\Data\Application\00BC1A50-697E-48A1-A057-B48D3FB65912\Library\Caches\com.apple.AppStore\fsCachedData\C132DC58-53A9-4182-83FB-8E2D25EBD57A
2023-07-09 06:43:36	"<a href="".\Cache Data\fsCachedData\C26023D5-CCFC-43D8-A88A-804ED69DBBC1"" target=""_blank""> Link to application/octet-stream </>"	application/octet-stream	C26023D5-CCFC-43D8-A88A-804ED69DBBC1	\\?\R:\temp\private\var\mobile\Containers\Data\Application\00BC1A50-697E-48A1-A057-B48D3FB65912\Library\Caches\com.apple.AppStore\fsCachedData\C26023D5-CCFC-43D8-A88A-804ED69DBBC1
2023-07-09 06:43:14	"<a href="".\Cache Data\fsCachedData\C293BDB9-C9E7-46C0-8052-44213438F7D9"" target=""_blank""> Link to application/octet-stream </>"	application/octet-stream	C293BDB9-C9E7-46C0-8052-44213438F7D9	\\?\R:\temp\private\var\mobile\Containers\Data\Application\00BC1A50-697E-48A1-A057-B48D3FB65912\Library\Caches\com.apple.AppStore\fsCachedData\C293BDB9-C9E7-46C0-8052-44213438F7D9
2023-07-09 06:43:14	"<a href="".\Cache Data\fsCachedData\C46910AE-A0C6-40BD-965E-6C2562D9D6F2"" target=""_blank""> Link to application/octet-stream </>"	application/octet-stream	C46910AE-A0C6-40BD-965E-6C2562D9D6F2	\\?\R:\temp\private\var\mobile\Containers\Data\Application\00BC1A50-697E-48A1-A057-B48D3FB65912\Library\Caches\com.apple.AppStore\fsCachedData\C46910AE-A0C6-40BD-965E-6C2562D9D6F2
2023-07-09 06:43:36	"<a href="".\Cache Data\fsCachedData\C4E95FC8-BDB3-494E-947C-BFF2F01E2C43"" target=""_blank""> Link to application/octet-stream </>"	application/octet-stream	C4E95FC8-BDB3-494E-947C-BFF2F01E2C43	\\?\R:\temp\private\var\mobile\Containers\Data\Application\00BC1A50-697E-48A1-A057-B48D3FB65912\Library\Caches\com.apple.AppStore\fsCachedData\C4E95FC8-BDB3-494E-947C-BFF2F01E2C43
2023-07-09 06:48:44	"<a href="".\Cache Data\fsCachedData\C84AA65C-E0A5-4265-AE94-8C29EA81F3AD"" target=""_blank""> Link to application/octet-stream </>"	application/octet-stream	C84AA65C-E0A5-4265-AE94-8C29EA81F3AD	\\?\R:\temp\private\var\mobile\Containers\Data\Application\00BC1A50-697E-48A1-A057-B48D3FB65912\Library\Caches\com.apple.AppStore\fsCachedData\C84AA65C-E0A5-4265-AE94-8C29EA81F3AD
2023-07-09 06:48:49	"<a href="".\Cache Data\fsCachedData\C8D18054-3759-4AF8-831E-603B8421CABA"" target=""_blank""> Link to application/octet-stream </>"	application/octet-stream	C8D18054-3759-4AF8-831E-603B8421CABA	\\?\R:\temp\private\var\mobile\Containers\Data\Application\00BC1A50-697E-48A1-A057-B48D3FB65912\Library\Caches\com.apple.AppStore\fsCachedData\C8D18054-3759-4AF8-831E-603B8421CABA
2023-07-09 06:48:50	"<a href="".\Cache Data\fsCachedData\C948E17C-B2A9-4C21-9830-9B4F2DAD71C4"" target=""_blank""> Link to application/octet-stream </>"	application/octet-stream	C948E17C-B2A9-4C21-9830-9B4F2DAD71C4	\\?\R:\temp\private\var\mobile\Containers\Data\Application\00BC1A50-697E-48A1-A057-B48D3FB65912\Library\Caches\com.apple.AppStore\fsCachedData\C948E17C-B2A9-4C21-9830-9B4F2DAD71C4
2023-07-09 06:48:50	"<a href="".\Cache Data\fsCachedData\C9E81AA9-2C1D-4302-B15B-259F1B50DCE2"" target=""_blank""> Link to application/octet-stream </>"	application/octet-stream	C9E81AA9-2C1D-4302-B15B-259F1B50DCE2	\\?\R:\temp\private\var\mobile\Containers\Data\Application\00BC1A50-697E-48A1-A057-B48D3FB65912\Library\Caches\com.apple.AppStore\fsCachedData\C9E81AA9-2C1D-4302-B15B-259F1B50DCE2
2023-07-09 06:46:12	"<a href="".\Cache Data\fsCachedData\CA7251BD-048D-4693-8E53-809712DA142A"" target=""_blank""> Link to application/octet-stream </>"	application/octet-stream	CA7251BD-048D-4693-8E53-809712DA142A	\\?\R:\temp\private\var\mobile\Containers\Data\Application\00BC1A50-697E-48A1-A057-B48D3FB65912\Library\Caches\com.apple.AppStore\fsCachedData\CA7251BD-048D-4693-8E53-809712DA142A
2023-07-09 06:43:36	"<a href="".\Cache Data\fsCachedData\CDB04F27-1C0B-46D0-88D9-6866EE163B1A"" target=""_blank""> Link to application/octet-stream </>"	application/octet-stream	CDB04F27-1C0B-46D0-88D9-6866EE163B1A	\\?\R:\temp\private\var\mobile\Containers\Data\Application\00BC1A50-697E-48A1-A057-B48D3FB65912\Library\Caches\com.apple.AppStore\fsCachedData\CDB04F27-1C0B-46D0-88D9-6866EE163B1A
2023-07-09 09:15:48	"<a href="".\Cache Data\fsCachedData\D019B18B-5575-40C9-82DD-9385571B332A"" target=""_blank""> Link to application/octet-stream </>"	application/octet-stream	D019B18B-5575-40C9-82DD-9385571B332A	\\?\R:\temp\private\var\mobile\Containers\Data\Application\00BC1A50-697E-48A1-A057-B48D3FB65912\Library\Caches\com.apple.AppStore\fsCachedData\D019B18B-5575-40C9-82DD-9385571B332A
2023-07-09 06:48:49	"<a href="".\Cache Data\fsCachedData\D027A123-4F38-4DCC-8F29-B22F1A631CB4"" target=""_blank""> Link to application/octet-stream </>"	application/octet-stream	D027A123-4F38-4DCC-8F29-B22F1A631CB4	\\?\R:\temp\private\var\mobile\Containers\Data\Application\00BC1A50-697E-48A1-A057-B48D3FB65912\Library\Caches\com.apple.AppStore\fsCachedData\D027A123-4F38-4DCC-8F29-B22F1A631CB4
2023-07-09 06:48:47	"<a href="".\Cache Data\fsCachedData\D1C57726-DD4D-4AD1-BA1A-60960BFF58E4"" target=""_blank""> Link to application/octet-stream </>"	application/octet-stream	D1C57726-DD4D-4AD1-BA1A-60960BFF58E4	\\?\R:\temp\private\var\mobile\Containers\Data\Application\00BC1A50-697E-48A1-A057-B48D3FB65912\Library\Caches\com.apple.AppStore\fsCachedData\D1C57726-DD4D-4AD1-BA1A-60960BFF58E4
2023-07-09 06:48:49	"<a href="".\Cache Data\fsCachedData\D243D26B-8421-4F96-A455-8C6D17A183FB"" target=""_blank""> Link to application/octet-stream </>"	application/octet-stream	D243D26B-8421-4F96-A455-8C6D17A183FB	\\?\R:\temp\private\var\mobile\Containers\Data\Application\00BC1A50-697E-48A1-A057-B48D3FB65912\Library\Caches\com.apple.AppStore\fsCachedData\D243D26B-8421-4F96-A455-8C6D17A183FB
2023-07-09 06:48:45	"<a href="".\Cache Data\fsCachedData\D3B7D832-63A9-4982-8EDF-2E5897C674DF"" target=""_blank""> Link to application/octet-stream </>"	application/octet-stream	D3B7D832-63A9-4982-8EDF-2E5897C674DF	\\?\R:\temp\private\var\mobile\Containers\Data\Application\00BC1A50-697E-48A1-A057-B48D3FB65912\Library\Caches\com.apple.AppStore\fsCachedData\D3B7D832-63A9-4982-8EDF-2E5897C674DF
2023-07-09 06:48:42	"<a href="".\Cache Data\fsCachedData\DB0FF03C-7002-45BA-9BE9-EDFED4E9762E"" target=""_blank""> Link to application/octet-stream </>"	application/octet-stream	DB0FF03C-7002-45BA-9BE9-EDFED4E9762E	\\?\R:\temp\private\var\mobile\Containers\Data\Application\00BC1A50-697E-48A1-A057-B48D3FB65912\Library\Caches\com.apple.AppStore\fsCachedData\DB0FF03C-7002-45BA-9BE9-EDFED4E9762E
2023-07-09 06:43:14	"<a href="".\Cache Data\fsCachedData\DECFB4C8-CFDF-4703-A677-ADE6ED6B853F"" target=""_blank""> Link to application/octet-stream </>"	application/octet-stream	DECFB4C8-CFDF-4703-A677-ADE6ED6B853F	\\?\R:\temp\private\var\mobile\Containers\Data\Application\00BC1A50-697E-48A1-A057-B48D3FB65912\Library\Caches\com.apple.AppStore\fsCachedData\DECFB4C8-CFDF-4703-A677-ADE6ED6B853F
2023-07-09 06:48:47	"<a href="".\Cache Data\fsCachedData\DF961085-CD7B-48AF-A6BA-4181C85982B3"" target=""_blank""> Link to application/octet-stream </>"	application/octet-stream	DF961085-CD7B-48AF-A6BA-4181C85982B3	\\?\R:\temp\private\var\mobile\Containers\Data\Application\00BC1A50-697E-48A1-A057-B48D3FB65912\Library\Caches\com.apple.AppStore\fsCachedData\DF961085-CD7B-48AF-A6BA-4181C85982B3
2023-07-09 06:43:14	"<a href="".\Cache Data\fsCachedData\EA894F29-8259-4289-858B-0790004B8202"" target=""_blank""> Link to application/octet-stream </>"	application/octet-stream	EA894F29-8259-4289-858B-0790004B8202	\\?\R:\temp\private\var\mobile\Containers\Data\Application\00BC1A50-697E-48A1-A057-B48D3FB65912\Library\Caches\com.apple.AppStore\fsCachedData\EA894F29-8259-4289-858B-0790004B8202
2023-07-09 06:43:14	"<a href="".\Cache Data\fsCachedData\ECC75E72-FC29-408E-8D63-7C53D1B79184"" target=""_blank""> Link to text/plain </>"	text/plain	ECC75E72-FC29-408E-8D63-7C53D1B79184	\\?\R:\temp\private\var\mobile\Containers\Data\Application\00BC1A50-697E-48A1-A057-B48D3FB65912\Library\Caches\com.apple.AppStore\fsCachedData\ECC75E72-FC29-408E-8D63-7C53D1B79184
2023-07-09 09:15:47	"<a href="".\Cache Data\fsCachedData\EFA24E70-B559-4045-9E68-06EF2F295899"" target=""_blank""> Link to text/plain </>"	text/plain	EFA24E70-B559-4045-9E68-06EF2F295899	\\?\R:\temp\private\var\mobile\Containers\Data\Application\00BC1A50-697E-48A1-A057-B48D3FB65912\Library\Caches\com.apple.AppStore\fsCachedData\EFA24E70-B559-4045-9E68-06EF2F295899
2023-07-09 06:46:12	"<a href="".\Cache Data\fsCachedData\FD4582CC-D2B9-4315-9D9D-A7BF05A448B9"" target=""_blank""> Link to application/octet-stream </>"	application/octet-stream	FD4582CC-D2B9-4315-9D9D-A7BF05A448B9	\\?\R:\temp\private\var\mobile\Containers\Data\Application\00BC1A50-697E-48A1-A057-B48D3FB65912\Library\Caches\com.apple.AppStore\fsCachedData\FD4582CC-D2B9-4315-9D9D-A7BF05A448B9
2023-07-09 06:46:12	"<a href="".\Cache Data\fsCachedData\FDF2E4E6-A596-4495-89AA-EB208CE18BC0"" target=""_blank""> Link to text/plain </>"	text/plain	FDF2E4E6-A596-4495-89AA-EB208CE18BC0	\\?\R:\temp\private\var\mobile\Containers\Data\Application\00BC1A50-697E-48A1-A057-B48D3FB65912\Library\Caches\com.apple.AppStore\fsCachedData\FDF2E4E6-A596-4495-89AA-EB208CE18BC0
2023-07-09 06:48:46	"<a href="".\Cache Data\fsCachedData\FE076D60-D1C3-4CAA-AB6F-170E6713806C"" target=""_blank""> Link to application/octet-stream </>"	application/octet-stream	FE076D60-D1C3-4CAA-AB6F-170E6713806C	\\?\R:\temp\private\var\mobile\Containers\Data\Application\00BC1A50-697E-48A1-A057-B48D3FB65912\Library\Caches\com.apple.AppStore\fsCachedData\FE076D60-D1C3-4CAA-AB6F-170E6713806C
2023-07-09 06:48:44	"<a href="".\Cache Data\fsCachedData\FE5A3690-06ED-49C7-B845-23C8E3599595"" target=""_blank""> Link to application/octet-stream </>"	application/octet-stream	FE5A3690-06ED-49C7-B845-23C8E3599595	\\?\R:\temp\private\var\mobile\Containers\Data\Application\00BC1A50-697E-48A1-A057-B48D3FB65912\Library\Caches\com.apple.AppStore\fsCachedData\FE5A3690-06ED-49C7-B845-23C8E3599595
2023-07-09 09:15:47	"<a href="".\Cache Data\fsCachedData\1891230A-245F-4BFD-B0A6-90DA3A99EA11"" target=""_blank""> Link to text/xml </>"	text/xml	1891230A-245F-4BFD-B0A6-90DA3A99EA11	\\?\R:\temp\private\var\mobile\Containers\Data\Application\00BC1A50-697E-48A1-A057-B48D3FB65912\Library\Caches\com.apple.AppleAccount\fsCachedData\1891230A-245F-4BFD-B0A6-90DA3A99EA11
2023-07-09 06:43:59	"<a href="".\Cache Data\fsCachedData\D6355B52-F706-4B0D-8234-2F08B445025C"" target=""_blank""> Link to text/xml </>"	text/xml	D6355B52-F706-4B0D-8234-2F08B445025C	\\?\R:\temp\private\var\mobile\Containers\Data\Application\C66B36C2-65CF-49B4-93AD-646476311AA9\Library\Caches\com.apple.AppleAccount\fsCachedData\D6355B52-F706-4B0D-8234-2F08B445025C
2023-07-09 06:47:35	"<a href="".\Cache Data\fsCachedData\03B8A24A-73B6-46F1-807C-2004E9D25AA3"" target=""_blank""><img src="".\Cache Data\fsCachedData\03B8A24A-73B6-46F1-807C-2004E9D25AA3""width=""300""></img></a>"	image/jpeg	03B8A24A-73B6-46F1-807C-2004E9D25AA3	\\?\R:\temp\private\var\mobile\Containers\Data\Application\CAA7293C-3F46-41A3-8048-456903DC2B0F\Library\Caches\com.jdtech.CalculatorVault\fsCachedData\03B8A24A-73B6-46F1-807C-2004E9D25AA3
2023-07-09 06:46:39	"<a href="".\Cache Data\fsCachedData\22BAFDD1-1617-4DBC-9690-F553F40A8A4D"" target=""_blank""><img src="".\Cache Data\fsCachedData\22BAFDD1-1617-4DBC-9690-F553F40A8A4D""width=""300""></img></a>"	image/jpeg	22BAFDD1-1617-4DBC-9690-F553F40A8A4D	\\?\R:\temp\private\var\mobile\Containers\Data\Application\CAA7293C-3F46-41A3-8048-456903DC2B0F\Library\Caches\com.jdtech.CalculatorVault\fsCachedData\22BAFDD1-1617-4DBC-9690-F553F40A8A4D
2023-07-09 06:46:40	"<a href="".\Cache Data\fsCachedData\29C8F30D-DBB5-411F-90A7-A4C486AF671C"" target=""_blank""> Link to text/html </>"	text/html	29C8F30D-DBB5-411F-90A7-A4C486AF671C	\\?\R:\temp\private\var\mobile\Containers\Data\Application\CAA7293C-3F46-41A3-8048-456903DC2B0F\Library\Caches\com.jdtech.CalculatorVault\fsCachedData\29C8F30D-DBB5-411F-90A7-A4C486AF671C
2023-07-09 06:47:36	"<a href="".\Cache Data\fsCachedData\3438A9C9-5409-4919-9598-EEBC2036D8E0"" target=""_blank""><img src="".\Cache Data\fsCachedData\3438A9C9-5409-4919-9598-EEBC2036D8E0""width=""300""></img></a>"	image/jpeg	3438A9C9-5409-4919-9598-EEBC2036D8E0	\\?\R:\temp\private\var\mobile\Containers\Data\Application\CAA7293C-3F46-41A3-8048-456903DC2B0F\Library\Caches\com.jdtech.CalculatorVault\fsCachedData\3438A9C9-5409-4919-9598-EEBC2036D8E0
2023-07-09 06:46:40	"<a href="".\Cache Data\fsCachedData\3F0062E6-84C5-422E-8887-48F8385F186B"" target=""_blank""> Link to text/plain </>"	text/plain	3F0062E6-84C5-422E-8887-48F8385F186B	\\?\R:\temp\private\var\mobile\Containers\Data\Application\CAA7293C-3F46-41A3-8048-456903DC2B0F\Library\Caches\com.jdtech.CalculatorVault\fsCachedData\3F0062E6-84C5-422E-8887-48F8385F186B
2023-07-09 06:47:36	"<a href="".\Cache Data\fsCachedData\48852EC5-40DF-462E-A117-192D28FAF49A"" target=""_blank""><img src="".\Cache Data\fsCachedData\48852EC5-40DF-462E-A117-192D28FAF49A""width=""300""></img></a>"	image/jpeg	48852EC5-40DF-462E-A117-192D28FAF49A	\\?\R:\temp\private\var\mobile\Containers\Data\Application\CAA7293C-3F46-41A3-8048-456903DC2B0F\Library\Caches\com.jdtech.CalculatorVault\fsCachedData\48852EC5-40DF-462E-A117-192D28FAF49A
2023-07-09 06:46:38	"<a href="".\Cache Data\fsCachedData\5052679C-5561-44BF-B718-1764D581FF8F"" target=""_blank""> Link to text/html </>"	text/html	5052679C-5561-44BF-B718-1764D581FF8F	\\?\R:\temp\private\var\mobile\Containers\Data\Application\CAA7293C-3F46-41A3-8048-456903DC2B0F\Library\Caches\com.jdtech.CalculatorVault\fsCachedData\5052679C-5561-44BF-B718-1764D581FF8F
2023-07-09 06:47:35	"<a href="".\Cache Data\fsCachedData\5944DE7B-6CC1-47BF-B75D-A157AC446367"" target=""_blank""><img src="".\Cache Data\fsCachedData\5944DE7B-6CC1-47BF-B75D-A157AC446367""width=""300""></img></a>"	image/jpeg	5944DE7B-6CC1-47BF-B75D-A157AC446367	\\?\R:\temp\private\var\mobile\Containers\Data\Application\CAA7293C-3F46-41A3-8048-456903DC2B0F\Library\Caches\com.jdtech.CalculatorVault\fsCachedData\5944DE7B-6CC1-47BF-B75D-A157AC446367
2023-07-09 06:46:53	"<a href="".\Cache Data\fsCachedData\63677E57-897D-4E54-96B3-BF7EBB779E33"" target=""_blank""> Link to text/html </>"	text/html	63677E57-897D-4E54-96B3-BF7EBB779E33	\\?\R:\temp\private\var\mobile\Containers\Data\Application\CAA7293C-3F46-41A3-8048-456903DC2B0F\Library\Caches\com.jdtech.CalculatorVault\fsCachedData\63677E57-897D-4E54-96B3-BF7EBB779E33
2023-07-09 06:46:39	"<a href="".\Cache Data\fsCachedData\663CEF29-2155-4CB8-91B0-F4486BD3BB1B"" target=""_blank""><img src="".\Cache Data\fsCachedData\663CEF29-2155-4CB8-91B0-F4486BD3BB1B""width=""300""></img></a>"	image/jpeg	663CEF29-2155-4CB8-91B0-F4486BD3BB1B	\\?\R:\temp\private\var\mobile\Containers\Data\Application\CAA7293C-3F46-41A3-8048-456903DC2B0F\Library\Caches\com.jdtech.CalculatorVault\fsCachedData\663CEF29-2155-4CB8-91B0-F4486BD3BB1B
2023-07-09 06:47:35	"<a href="".\Cache Data\fsCachedData\6C6DCD0A-376E-438D-91D4-2294B2D120F3"" target=""_blank""><img src="".\Cache Data\fsCachedData\6C6DCD0A-376E-438D-91D4-2294B2D120F3""width=""300""></img></a>"	image/png	6C6DCD0A-376E-438D-91D4-2294B2D120F3	\\?\R:\temp\private\var\mobile\Containers\Data\Application\CAA7293C-3F46-41A3-8048-456903DC2B0F\Library\Caches\com.jdtech.CalculatorVault\fsCachedData\6C6DCD0A-376E-438D-91D4-2294B2D120F3
2023-07-09 06:46:39	"<a href="".\Cache Data\fsCachedData\72695D63-F62E-4142-8A59-1745B70C5CD1"" target=""_blank""><img src="".\Cache Data\fsCachedData\72695D63-F62E-4142-8A59-1745B70C5CD1""width=""300""></img></a>"	image/jpeg	72695D63-F62E-4142-8A59-1745B70C5CD1	\\?\R:\temp\private\var\mobile\Containers\Data\Application\CAA7293C-3F46-41A3-8048-456903DC2B0F\Library\Caches\com.jdtech.CalculatorVault\fsCachedData\72695D63-F62E-4142-8A59-1745B70C5CD1
2023-07-09 06:46:39	"<a href="".\Cache Data\fsCachedData\82BA1D46-2BC6-4833-AE53-4E8F4B371B60"" target=""_blank""><img src="".\Cache Data\fsCachedData\82BA1D46-2BC6-4833-AE53-4E8F4B371B60""width=""300""></img></a>"	image/jpeg	82BA1D46-2BC6-4833-AE53-4E8F4B371B60	\\?\R:\temp\private\var\mobile\Containers\Data\Application\CAA7293C-3F46-41A3-8048-456903DC2B0F\Library\Caches\com.jdtech.CalculatorVault\fsCachedData\82BA1D46-2BC6-4833-AE53-4E8F4B371B60
2023-07-09 06:47:35	"<a href="".\Cache Data\fsCachedData\82C89433-5827-46AA-A51D-C78D80F09119"" target=""_blank""><img src="".\Cache Data\fsCachedData\82C89433-5827-46AA-A51D-C78D80F09119""width=""300""></img></a>"	image/jpeg	82C89433-5827-46AA-A51D-C78D80F09119	\\?\R:\temp\private\var\mobile\Containers\Data\Application\CAA7293C-3F46-41A3-8048-456903DC2B0F\Library\Caches\com.jdtech.CalculatorVault\fsCachedData\82C89433-5827-46AA-A51D-C78D80F09119
2023-07-09 06:47:35	"<a href="".\Cache Data\fsCachedData\86C909EA-C6FC-48F8-8AE0-5CD832889F5C"" target=""_blank""> Link to text/html </>"	text/html	86C909EA-C6FC-48F8-8AE0-5CD832889F5C	\\?\R:\temp\private\var\mobile\Containers\Data\Application\CAA7293C-3F46-41A3-8048-456903DC2B0F\Library\Caches\com.jdtech.CalculatorVault\fsCachedData\86C909EA-C6FC-48F8-8AE0-5CD832889F5C
2023-07-09 09:15:44	"<a href="".\Cache Data\fsCachedData\8C5A06A6-D3C0-4CEF-86ED-A42A487AC525"" target=""_blank""> Link to text/html </>"	text/html	8C5A06A6-D3C0-4CEF-86ED-A42A487AC525	\\?\R:\temp\private\var\mobile\Containers\Data\Application\CAA7293C-3F46-41A3-8048-456903DC2B0F\Library\Caches\com.jdtech.CalculatorVault\fsCachedData\8C5A06A6-D3C0-4CEF-86ED-A42A487AC525
2023-07-09 06:46:39	"<a href="".\Cache Data\fsCachedData\94DDFA06-135A-440F-ABB5-9B5149E1E7E7"" target=""_blank""><img src="".\Cache Data\fsCachedData\94DDFA06-135A-440F-ABB5-9B5149E1E7E7""width=""300""></img></a>"	image/jpeg	94DDFA06-135A-440F-ABB5-9B5149E1E7E7	\\?\R:\temp\private\var\mobile\Containers\Data\Application\CAA7293C-3F46-41A3-8048-456903DC2B0F\Library\Caches\com.jdtech.CalculatorVault\fsCachedData\94DDFA06-135A-440F-ABB5-9B5149E1E7E7
2023-07-09 06:46:39	"<a href="".\Cache Data\fsCachedData\BBB2F4FB-1864-4587-8C4C-9C309C9AB5F5"" target=""_blank""><img src="".\Cache Data\fsCachedData\BBB2F4FB-1864-4587-8C4C-9C309C9AB5F5""width=""300""></img></a>"	image/jpeg	BBB2F4FB-1864-4587-8C4C-9C309C9AB5F5	\\?\R:\temp\private\var\mobile\Containers\Data\Application\CAA7293C-3F46-41A3-8048-456903DC2B0F\Library\Caches\com.jdtech.CalculatorVault\fsCachedData\BBB2F4FB-1864-4587-8C4C-9C309C9AB5F5
2023-07-09 06:46:38	"<a href="".\Cache Data\fsCachedData\C72243ED-0A84-4C1A-A9BA-01A594A2E087"" target=""_blank""> Link to text/html </>"	text/html	C72243ED-0A84-4C1A-A9BA-01A594A2E087	\\?\R:\temp\private\var\mobile\Containers\Data\Application\CAA7293C-3F46-41A3-8048-456903DC2B0F\Library\Caches\com.jdtech.CalculatorVault\fsCachedData\C72243ED-0A84-4C1A-A9BA-01A594A2E087
2023-07-09 06:47:35	"<a href="".\Cache Data\fsCachedData\C8827995-53C9-4DCB-AFC0-5D13999E7AA9"" target=""_blank""><img src="".\Cache Data\fsCachedData\C8827995-53C9-4DCB-AFC0-5D13999E7AA9""width=""300""></img></a>"	image/jpeg	C8827995-53C9-4DCB-AFC0-5D13999E7AA9	\\?\R:\temp\private\var\mobile\Containers\Data\Application\CAA7293C-3F46-41A3-8048-456903DC2B0F\Library\Caches\com.jdtech.CalculatorVault\fsCachedData\C8827995-53C9-4DCB-AFC0-5D13999E7AA9
2023-07-09 06:47:35	"<a href="".\Cache Data\fsCachedData\D973810D-15D0-46DD-ADA2-D6EC8E251026"" target=""_blank""> Link to text/plain </>"	text/plain	D973810D-15D0-46DD-ADA2-D6EC8E251026	\\?\R:\temp\private\var\mobile\Containers\Data\Application\CAA7293C-3F46-41A3-8048-456903DC2B0F\Library\Caches\com.jdtech.CalculatorVault\fsCachedData\D973810D-15D0-46DD-ADA2-D6EC8E251026
2023-07-09 06:47:55	"<a href="".\Cache Data\fsCachedData\E5650F3D-9E59-4E68-81B3-5E46AC4E9819"" target=""_blank""> Link to text/html </>"	text/html	E5650F3D-9E59-4E68-81B3-5E46AC4E9819	\\?\R:\temp\private\var\mobile\Containers\Data\Application\CAA7293C-3F46-41A3-8048-456903DC2B0F\Library\Caches\com.jdtech.CalculatorVault\fsCachedData\E5650F3D-9E59-4E68-81B3-5E46AC4E9819
2023-07-09 06:47:36	"<a href="".\Cache Data\fsCachedData\F4B017FF-00D1-42C2-AABC-FA68821CED8C"" target=""_blank""><img src="".\Cache Data\fsCachedData\F4B017FF-00D1-42C2-AABC-FA68821CED8C""width=""300""></img></a>"	image/jpeg	F4B017FF-00D1-42C2-AABC-FA68821CED8C	\\?\R:\temp\private\var\mobile\Containers\Data\Application\CAA7293C-3F46-41A3-8048-456903DC2B0F\Library\Caches\com.jdtech.CalculatorVault\fsCachedData\F4B017FF-00D1-42C2-AABC-FA68821CED8C
2023-07-09 06:46:44	"<a href="".\Cache Data\fsCachedData\61C90DCE-6B08-4C25-ACE5-546F3E8722F2"" target=""_blank""> Link to text/xml </>"	text/xml	61C90DCE-6B08-4C25-ACE5-546F3E8722F2	\\?\R:\temp\private\var\mobile\Containers\Data\Application\EF9AB533-69C0-482E-9E0B-9C90E37EE377\Library\Caches\com.apple.mobilesafari\fsCachedData\61C90DCE-6B08-4C25-ACE5-546F3E8722F2
2023-07-09 10:42:25	"<a href="".\Cache Data\fsCachedData\72071B3D-5A05-4CD6-AC58-D69D4D340150"" target=""_blank""> Link to application/octet-stream </>"	application/octet-stream	72071B3D-5A05-4CD6-AC58-D69D4D340150	\\?\R:\temp\private\var\mobile\Containers\Data\PluginKitPlugin\4AFF1085-4A68-43F4-8BED-2471C46AB8B2\Library\Caches\com.apple.news.widget\CK-at-Edge-URL-Cache\fsCachedData\72071B3D-5A05-4CD6-AC58-D69D4D340150
2023-07-10 10:57:13	"<a href="".\Cache Data\fsCachedData\8BBE0430-5834-4C53-968D-75BF3E53FFFE"" target=""_blank""> Link to application/octet-stream </>"	application/octet-stream	8BBE0430-5834-4C53-968D-75BF3E53FFFE	\\?\R:\temp\private\var\mobile\Containers\Data\PluginKitPlugin\4AFF1085-4A68-43F4-8BED-2471C46AB8B2\Library\Caches\com.apple.news.widget\CK-at-Edge-URL-Cache\fsCachedData\8BBE0430-5834-4C53-968D-75BF3E53FFFE
2023-07-09 06:42:22	"<a href="".\Cache Data\fsCachedData\FC0975FB-F5B1-4886-9F08-FBCC41508283"" target=""_blank""> Link to text/plain </>"	text/plain	FC0975FB-F5B1-4886-9F08-FBCC41508283	\\?\R:\temp\private\var\mobile\Containers\Data\PluginKitPlugin\4AFF1085-4A68-43F4-8BED-2471C46AB8B2\Library\Caches\com.apple.news.widget\fsCachedData\FC0975FB-F5B1-4886-9F08-FBCC41508283
2023-07-09 06:42:22	"<a href="".\Cache Data\fsCachedData\ECFEDC91-00D3-4A73-865E-882E492A2AA2"" target=""_blank""> Link to text/plain </>"	text/plain	ECFEDC91-00D3-4A73-865E-882E492A2AA2	\\?\R:\temp\private\var\mobile\Containers\Data\PluginKitPlugin\6D5C4221-5D93-49F8-AED2-68B242268A26\Library\Caches\com.apple.news.tag\fsCachedData\ECFEDC91-00D3-4A73-865E-882E492A2AA2
2023-07-09 10:42:24	"<a href="".\Cache Data\fsCachedData\90A39921-C079-415D-8C7F-030E3A3954D4"" target=""_blank""> Link to text/plain </>"	text/plain	90A39921-C079-415D-8C7F-030E3A3954D4	\\?\R:\temp\private\var\mobile\Containers\Data\PluginKitPlugin\B78E420B-E529-455C-8328-664982EE6905\Library\Caches\com.apple.weather.widget\fsCachedData\90A39921-C079-415D-8C7F-030E3A3954D4
2023-07-09 06:29:19	"<a href="".\Cache Data\fsCachedData\72690E69-98F5-4866-913E-BC40B3096B6D"" target=""_blank""> Link to text/xml </>"	text/xml	72690E69-98F5-4866-913E-BC40B3096B6D	\\?\R:\temp\private\var\mobile\Library\Caches\com.apple.AppleAccount\fsCachedData\72690E69-98F5-4866-913E-BC40B3096B6D
2023-07-09 06:49:42	"<a href="".\Cache Data\fsCachedData\C759E545-60F7-4A4E-B7B5-0FA19CBF72EC"" target=""_blank""> Link to text/xml </>"	text/xml	C759E545-60F7-4A4E-B7B5-0FA19CBF72EC	\\?\R:\temp\private\var\mobile\Library\Caches\com.apple.AppleAccount\fsCachedData\C759E545-60F7-4A4E-B7B5-0FA19CBF72EC
2023-07-10 10:46:52	"<a href="".\Cache Data\fsCachedData\E563EFDE-9D63-41AF-91FD-BF6B768C1251"" target=""_blank""> Link to text/xml </>"	text/xml	E563EFDE-9D63-41AF-91FD-BF6B768C1251	\\?\R:\temp\private\var\mobile\Library\Caches\com.apple.AppleAccount\fsCachedData\E563EFDE-9D63-41AF-91FD-BF6B768C1251
2023-07-09 11:03:56	"<a href="".\Cache Data\fsCachedData\045602EB-E342-4C33-89AE-043159F43915"" target=""_blank""> Link to text/plain </>"	text/plain	045602EB-E342-4C33-89AE-043159F43915	\\?\R:\temp\private\var\mobile\Library\Caches\com.apple.AppleMediaServices\fsCachedData\045602EB-E342-4C33-89AE-043159F43915
2023-07-09 11:03:56	"<a href="".\Cache Data\fsCachedData\FAC3053A-1C9B-4D9A-8873-0A250CE561F4"" target=""_blank""> Link to text/plain </>"	text/plain	FAC3053A-1C9B-4D9A-8873-0A250CE561F4	\\?\R:\temp\private\var\mobile\Library\Caches\com.apple.AppleMediaServices\fsCachedData\FAC3053A-1C9B-4D9A-8873-0A250CE561F4
2023-07-09 06:43:15	"<a href="".\Cache Data\fsCachedData\03F68B3E-267D-4A38-B958-FBD64E803EF0"" target=""_blank""> Link to text/plain </>"	text/plain	03F68B3E-267D-4A38-B958-FBD64E803EF0	\\?\R:\temp\private\var\mobile\Library\Caches\com.apple.AppleMediaServicesUI\fsCachedData\03F68B3E-267D-4A38-B958-FBD64E803EF0
2023-07-09 06:43:14	"<a href="".\Cache Data\fsCachedData\1C2B2627-9780-4148-B68B-66542E1B07AE"" target=""_blank""> Link to text/plain </>"	text/plain	1C2B2627-9780-4148-B68B-66542E1B07AE	\\?\R:\temp\private\var\mobile\Library\Caches\com.apple.AppleMediaServicesUI\fsCachedData\1C2B2627-9780-4148-B68B-66542E1B07AE
2023-07-09 06:43:17	"<a href="".\Cache Data\fsCachedData\3C278829-7940-4D91-896C-1598EFAB7EA8"" target=""_blank""> Link to text/plain </>"	text/plain	3C278829-7940-4D91-896C-1598EFAB7EA8	\\?\R:\temp\private\var\mobile\Library\Caches\com.apple.AppleMediaServicesUI\fsCachedData\3C278829-7940-4D91-896C-1598EFAB7EA8
2023-07-09 06:43:15	"<a href="".\Cache Data\fsCachedData\3D27D40A-4E2D-431D-9F21-8E6AAABDDAB7"" target=""_blank""> Link to text/plain </>"	text/plain	3D27D40A-4E2D-431D-9F21-8E6AAABDDAB7	\\?\R:\temp\private\var\mobile\Library\Caches\com.apple.AppleMediaServicesUI\fsCachedData\3D27D40A-4E2D-431D-9F21-8E6AAABDDAB7
2023-07-09 06:43:16	"<a href="".\Cache Data\fsCachedData\47BA192B-0355-40E7-B9C3-D45D1DE36A51"" target=""_blank""> Link to text/plain </>"	text/plain	47BA192B-0355-40E7-B9C3-D45D1DE36A51	\\?\R:\temp\private\var\mobile\Library\Caches\com.apple.AppleMediaServicesUI\fsCachedData\47BA192B-0355-40E7-B9C3-D45D1DE36A51
2023-07-09 06:43:16	"<a href="".\Cache Data\fsCachedData\4BF9B519-97B8-4A36-A939-35A78515BF4D"" target=""_blank""> Link to text/plain </>"	text/plain	4BF9B519-97B8-4A36-A939-35A78515BF4D	\\?\R:\temp\private\var\mobile\Library\Caches\com.apple.AppleMediaServicesUI\fsCachedData\4BF9B519-97B8-4A36-A939-35A78515BF4D
2023-07-09 06:43:15	"<a href="".\Cache Data\fsCachedData\63175857-86F2-402C-AEA1-A3353277EB4C"" target=""_blank""> Link to text/plain </>"	text/plain	63175857-86F2-402C-AEA1-A3353277EB4C	\\?\R:\temp\private\var\mobile\Library\Caches\com.apple.AppleMediaServicesUI\fsCachedData\63175857-86F2-402C-AEA1-A3353277EB4C
2023-07-09 06:43:10	"<a href="".\Cache Data\fsCachedData\6BDACE5F-6768-4FA4-8A87-433845DDF815"" target=""_blank""> Link to application/octet-stream </>"	application/octet-stream	6BDACE5F-6768-4FA4-8A87-433845DDF815	\\?\R:\temp\private\var\mobile\Library\Caches\com.apple.AppleMediaServicesUI\fsCachedData\6BDACE5F-6768-4FA4-8A87-433845DDF815
2023-07-09 06:46:12	"<a href="".\Cache Data\fsCachedData\703F09EB-A68A-4D01-8AFC-F740929036B2"" target=""_blank""> Link to text/plain </>"	text/plain	703F09EB-A68A-4D01-8AFC-F740929036B2	\\?\R:\temp\private\var\mobile\Library\Caches\com.apple.AppleMediaServicesUI\fsCachedData\703F09EB-A68A-4D01-8AFC-F740929036B2
2023-07-09 06:43:15	"<a href="".\Cache Data\fsCachedData\7D956938-FAD9-42A5-BF5D-DED8A9129000"" target=""_blank""> Link to text/plain </>"	text/plain	7D956938-FAD9-42A5-BF5D-DED8A9129000	\\?\R:\temp\private\var\mobile\Library\Caches\com.apple.AppleMediaServicesUI\fsCachedData\7D956938-FAD9-42A5-BF5D-DED8A9129000
2023-07-09 06:43:16	"<a href="".\Cache Data\fsCachedData\7FCE7D2A-932B-45FC-83AA-70A5DA921C94"" target=""_blank""> Link to text/plain </>"	text/plain	7FCE7D2A-932B-45FC-83AA-70A5DA921C94	\\?\R:\temp\private\var\mobile\Library\Caches\com.apple.AppleMediaServicesUI\fsCachedData\7FCE7D2A-932B-45FC-83AA-70A5DA921C94
2023-07-09 06:43:16	"<a href="".\Cache Data\fsCachedData\80C412F9-5E42-4F06-B264-2C7712F03292"" target=""_blank""> Link to text/plain </>"	text/plain	80C412F9-5E42-4F06-B264-2C7712F03292	\\?\R:\temp\private\var\mobile\Library\Caches\com.apple.AppleMediaServicesUI\fsCachedData\80C412F9-5E42-4F06-B264-2C7712F03292
2023-07-09 06:43:13	"<a href="".\Cache Data\fsCachedData\A49535C9-D2F6-47E5-B69B-8EA49BFB8B35"" target=""_blank""> Link to text/plain </>"	text/plain	A49535C9-D2F6-47E5-B69B-8EA49BFB8B35	\\?\R:\temp\private\var\mobile\Library\Caches\com.apple.AppleMediaServicesUI\fsCachedData\A49535C9-D2F6-47E5-B69B-8EA49BFB8B35
2023-07-09 06:43:14	"<a href="".\Cache Data\fsCachedData\ADB19500-31EA-4521-91C3-5AC9ECB6AA7B"" target=""_blank""> Link to text/plain </>"	text/plain	ADB19500-31EA-4521-91C3-5AC9ECB6AA7B	\\?\R:\temp\private\var\mobile\Library\Caches\com.apple.AppleMediaServicesUI\fsCachedData\ADB19500-31EA-4521-91C3-5AC9ECB6AA7B
2023-07-09 06:43:14	"<a href="".\Cache Data\fsCachedData\B8EFF96C-2AA7-4635-B732-6A4FC7510C10"" target=""_blank""> Link to text/plain </>"	text/plain	B8EFF96C-2AA7-4635-B732-6A4FC7510C10	\\?\R:\temp\private\var\mobile\Library\Caches\com.apple.AppleMediaServicesUI\fsCachedData\B8EFF96C-2AA7-4635-B732-6A4FC7510C10
2023-07-09 06:43:15	"<a href="".\Cache Data\fsCachedData\DC85CF56-2DAF-4AE9-BC0B-22DF4E223C7D"" target=""_blank""> Link to text/plain </>"	text/plain	DC85CF56-2DAF-4AE9-BC0B-22DF4E223C7D	\\?\R:\temp\private\var\mobile\Library\Caches\com.apple.AppleMediaServicesUI\fsCachedData\DC85CF56-2DAF-4AE9-BC0B-22DF4E223C7D
2023-07-09 06:43:16	"<a href="".\Cache Data\fsCachedData\E2700CE5-B0B5-461C-9D0F-97D15A1C8C0F"" target=""_blank""> Link to text/plain </>"	text/plain	E2700CE5-B0B5-461C-9D0F-97D15A1C8C0F	\\?\R:\temp\private\var\mobile\Library\Caches\com.apple.AppleMediaServicesUI\fsCachedData\E2700CE5-B0B5-461C-9D0F-97D15A1C8C0F
2023-07-09 06:49:43	"<a href="".\Cache Data\fsCachedData\468551B4-7D2E-44AB-BB55-927092CB8737"" target=""_blank""><img src="".\Cache Data\fsCachedData\468551B4-7D2E-44AB-BB55-927092CB8737""width=""300""></img></a>"	image/png	468551B4-7D2E-44AB-BB55-927092CB8737	\\?\R:\temp\private\var\mobile\Library\Caches\com.apple.Preferences\fsCachedData\468551B4-7D2E-44AB-BB55-927092CB8737
2023-07-09 08:50:10	"<a href="".\Cache Data\fsCachedData\758D8463-758E-470B-B701-EACB1E71F9CE"" target=""_blank""> Link to text/plain </>"	text/plain	758D8463-758E-470B-B701-EACB1E71F9CE	\\?\R:\temp\private\var\mobile\Library\Caches\com.apple.Preferences\fsCachedData\758D8463-758E-470B-B701-EACB1E71F9CE
2023-07-09 06:34:29	"<a href="".\Cache Data\fsCachedData\130B4BF4-4AA8-4F21-A60D-FB52D4970179"" target=""_blank""> Link to text/plain </>"	text/plain	130B4BF4-4AA8-4F21-A60D-FB52D4970179	\\?\R:\temp\private\var\mobile\Library\Caches\com.apple.accountsd\fsCachedData\130B4BF4-4AA8-4F21-A60D-FB52D4970179
2023-07-09 06:43:56	"<a href="".\Cache Data\fsCachedData\6BFBEEE3-4776-4E1F-B69B-D8DFF00D3079"" target=""_blank""> Link to text/plain </>"	text/plain	6BFBEEE3-4776-4E1F-B69B-D8DFF00D3079	\\?\R:\temp\private\var\mobile\Library\Caches\com.apple.accountsd\fsCachedData\6BFBEEE3-4776-4E1F-B69B-D8DFF00D3079
2023-07-09 11:03:50	"<a href="".\Cache Data\fsCachedData\9FB3A58E-5621-4E74-8C2F-4253D7E8DBE4"" target=""_blank""> Link to text/plain </>"	text/plain	9FB3A58E-5621-4E74-8C2F-4253D7E8DBE4	\\?\R:\temp\private\var\mobile\Library\Caches\com.apple.accountsd\fsCachedData\9FB3A58E-5621-4E74-8C2F-4253D7E8DBE4
2023-07-09 06:34:26	"<a href="".\Cache Data\fsCachedData\BAFDA3E7-93A7-4357-B4E8-7B941AFA3F7B"" target=""_blank""> Link to text/plain </>"	text/plain	BAFDA3E7-93A7-4357-B4E8-7B941AFA3F7B	\\?\R:\temp\private\var\mobile\Library\Caches\com.apple.accountsd\fsCachedData\BAFDA3E7-93A7-4357-B4E8-7B941AFA3F7B
2023-07-09 11:03:42	"<a href="".\Cache Data\fsCachedData\35B18642-5D55-47E0-8D56-FC15FDE5458C"" target=""_blank""> Link to text/xml </>"	text/xml	35B18642-5D55-47E0-8D56-FC15FDE5458C	\\?\R:\temp\private\var\mobile\Library\Caches\com.apple.akd\private\var\containers\Data\System\0A365E39-F34D-405C-8BA3-FC0553920739\Library\Caches\fsCachedData\35B18642-5D55-47E0-8D56-FC15FDE5458C
2023-07-09 11:03:47	"<a href="".\Cache Data\fsCachedData\B40CD917-8F10-4D49-AD5F-7B63D9E73886"" target=""_blank""> Link to text/xml </>"	text/xml	B40CD917-8F10-4D49-AD5F-7B63D9E73886	\\?\R:\temp\private\var\mobile\Library\Caches\com.apple.akd\private\var\containers\Data\System\0A365E39-F34D-405C-8BA3-FC0553920739\Library\Caches\fsCachedData\B40CD917-8F10-4D49-AD5F-7B63D9E73886
2023-07-10 10:47:08	"<a href="".\Cache Data\fsCachedData\85D20D6B-CCE4-45AC-87F8-0A695CA527DB"" target=""_blank""> Link to text/plain </>"	text/plain	85D20D6B-CCE4-45AC-87F8-0A695CA527DB	\\?\R:\temp\private\var\mobile\Library\Caches\com.apple.ap.adprivacyd\fsCachedData\85D20D6B-CCE4-45AC-87F8-0A695CA527DB
2023-07-09 09:15:48	"<a href="".\Cache Data\fsCachedData\203E21B6-BBD5-408D-9EB2-C508E68A5626"" target=""_blank""> Link to text/plain </>"	text/plain	203E21B6-BBD5-408D-9EB2-C508E68A5626	\\?\R:\temp\private\var\mobile\Library\Caches\com.apple.ap.promotedcontentd\fsCachedData\203E21B6-BBD5-408D-9EB2-C508E68A5626
2023-07-09 11:04:00	"<a href="".\Cache Data\fsCachedData\304CD56C-F78F-427C-AFEA-D01D60AD44F2"" target=""_blank""> Link to text/plain </>"	text/plain	304CD56C-F78F-427C-AFEA-D01D60AD44F2	\\?\R:\temp\private\var\mobile\Library\Caches\com.apple.ap.promotedcontentd\fsCachedData\304CD56C-F78F-427C-AFEA-D01D60AD44F2
2023-07-09 06:43:36	"<a href="".\Cache Data\fsCachedData\21FBB902-E92D-4476-8CE2-B0D43245B460"" target=""_blank""><img src="".\Cache Data\fsCachedData\21FBB902-E92D-4476-8CE2-B0D43245B460""width=""300""></img></a>"	image/jpeg	21FBB902-E92D-4476-8CE2-B0D43245B460	\\?\R:\temp\private\var\mobile\Library\Caches\com.apple.appstored\fsCachedData\21FBB902-E92D-4476-8CE2-B0D43245B460
2023-07-10 10:47:47	"<a href="".\Cache Data\fsCachedData\5D08A8EE-D92C-4D85-86A5-0359C189B6D0"" target=""_blank""> Link to text/plain </>"	text/plain	5D08A8EE-D92C-4D85-86A5-0359C189B6D0	\\?\R:\temp\private\var\mobile\Library\Caches\com.apple.appstored\fsCachedData\5D08A8EE-D92C-4D85-86A5-0359C189B6D0
2023-07-09 06:46:15	"<a href="".\Cache Data\fsCachedData\6C7CE22D-C593-4FBD-9A76-9FE8CCABA0E4"" target=""_blank""> Link to text/xml </>"	text/xml	6C7CE22D-C593-4FBD-9A76-9FE8CCABA0E4	\\?\R:\temp\private\var\mobile\Library\Caches\com.apple.appstored\fsCachedData\6C7CE22D-C593-4FBD-9A76-9FE8CCABA0E4
2023-07-09 11:03:56	"<a href="".\Cache Data\fsCachedData\8C4DD442-AD5A-4772-A0CD-B00FAA2E3A6C"" target=""_blank""> Link to text/plain </>"	text/plain	8C4DD442-AD5A-4772-A0CD-B00FAA2E3A6C	\\?\R:\temp\private\var\mobile\Library\Caches\com.apple.appstored\fsCachedData\8C4DD442-AD5A-4772-A0CD-B00FAA2E3A6C
2023-07-09 06:43:39	"<a href="".\Cache Data\fsCachedData\D6F347B7-FC10-421D-ADB4-B863FDF711B7"" target=""_blank""><img src="".\Cache Data\fsCachedData\D6F347B7-FC10-421D-ADB4-B863FDF711B7""width=""300""></img></a>"	image/jpeg	D6F347B7-FC10-421D-ADB4-B863FDF711B7	\\?\R:\temp\private\var\mobile\Library\Caches\com.apple.appstored\fsCachedData\D6F347B7-FC10-421D-ADB4-B863FDF711B7
2023-07-09 11:03:56	"<a href="".\Cache Data\fsCachedData\328F907C-4BDE-41FD-92E4-79608FDB1600"" target=""_blank""> Link to text/xml </>"	text/xml	328F907C-4BDE-41FD-92E4-79608FDB1600	\\?\R:\temp\private\var\mobile\Library\Caches\com.apple.atc\fsCachedData\328F907C-4BDE-41FD-92E4-79608FDB1600
2023-07-09 06:49:31	"<a href="".\Cache Data\fsCachedData\B51763F4-58FA-4626-86C2-B59201AFF32C"" target=""_blank""> Link to text/xml </>"	text/xml	B51763F4-58FA-4626-86C2-B59201AFF32C	\\?\R:\temp\private\var\mobile\Library\Caches\com.apple.atc\fsCachedData\B51763F4-58FA-4626-86C2-B59201AFF32C
2023-07-09 11:03:51	"<a href="".\Cache Data\fsCachedData\EFE3F68C-29B7-40AD-AB0E-DA7B75E6B56B"" target=""_blank""> Link to text/plain </>"	text/plain	EFE3F68C-29B7-40AD-AB0E-DA7B75E6B56B	\\?\R:\temp\private\var\mobile\Library\Caches\com.apple.bookassetd\fsCachedData\EFE3F68C-29B7-40AD-AB0E-DA7B75E6B56B
2023-07-10 10:53:20	"<a href="".\Cache Data\fsCachedData\250B7572-6AB9-4B1D-B2DE-96618A2E7E50"" target=""_blank""> Link to text/plain </>"	text/plain	250B7572-6AB9-4B1D-B2DE-96618A2E7E50	\\?\R:\temp\private\var\mobile\Library\Caches\com.apple.coreidv.coreidvd\url\fsCachedData\250B7572-6AB9-4B1D-B2DE-96618A2E7E50
2023-07-10 10:48:00	"<a href="".\Cache Data\fsCachedData\4483196D-4B42-4759-AC56-3CD49900D2A0"" target=""_blank""> Link to text/plain </>"	text/plain	4483196D-4B42-4759-AC56-3CD49900D2A0	\\?\R:\temp\private\var\mobile\Library\Caches\com.apple.coreidv.coreidvd\url\fsCachedData\4483196D-4B42-4759-AC56-3CD49900D2A0
2023-07-09 06:29:44	"<a href="".\Cache Data\fsCachedData\794748D5-8ACB-4559-AD71-284B2B98F270"" target=""_blank""> Link to text/plain </>"	text/plain	794748D5-8ACB-4559-AD71-284B2B98F270	\\?\R:\temp\private\var\mobile\Library\Caches\com.apple.coreidv.coreidvd\url\fsCachedData\794748D5-8ACB-4559-AD71-284B2B98F270
2023-07-10 10:53:20	"<a href="".\Cache Data\fsCachedData\86DBFBEF-CB24-4670-982D-FDC4BF91337C"" target=""_blank""> Link to text/plain </>"	text/plain	86DBFBEF-CB24-4670-982D-FDC4BF91337C	\\?\R:\temp\private\var\mobile\Library\Caches\com.apple.coreidv.coreidvd\url\fsCachedData\86DBFBEF-CB24-4670-982D-FDC4BF91337C
2023-07-09 11:03:52	"<a href="".\Cache Data\fsCachedData\F6533606-0DDD-446E-A13D-E6C29F4C4C43"" target=""_blank""> Link to text/plain </>"	text/plain	F6533606-0DDD-446E-A13D-E6C29F4C4C43	\\?\R:\temp\private\var\mobile\Library\Caches\com.apple.coreidv.coreidvd\url\fsCachedData\F6533606-0DDD-446E-A13D-E6C29F4C4C43
2023-07-09 11:11:18	"<a href="".\Cache Data\fsCachedData\2E912F10-C308-4584-87A7-ACE205E34BD7"" target=""_blank""> Link to text/plain </>"	text/plain	2E912F10-C308-4584-87A7-ACE205E34BD7	\\?\R:\temp\private\var\mobile\Library\Caches\com.apple.fitcored\fsCachedData\2E912F10-C308-4584-87A7-ACE205E34BD7
2023-07-09 11:08:52	"<a href="".\Cache Data\fsCachedData\8D475628-8EBB-4420-8025-F87A686F1544"" target=""_blank""> Link to text/plain </>"	text/plain	8D475628-8EBB-4420-8025-F87A686F1544	\\?\R:\temp\private\var\mobile\Library\Caches\com.apple.healthappd\fsCachedData\8D475628-8EBB-4420-8025-F87A686F1544
2023-07-10 10:48:44	"<a href="".\Cache Data\fsCachedData\79C6109B-C06F-4178-92A9-C23E83A4721A"" target=""_blank""> Link to text/xml </>"	text/xml	79C6109B-C06F-4178-92A9-C23E83A4721A	\\?\R:\temp\private\var\mobile\Library\Caches\com.apple.itunescloudd\fsCachedData\79C6109B-C06F-4178-92A9-C23E83A4721A
2023-07-09 11:03:53	"<a href="".\Cache Data\fsCachedData\0C464582-2D09-44D0-89AD-6D4ABD0678DD"" target=""_blank""><img src="".\Cache Data\fsCachedData\0C464582-2D09-44D0-89AD-6D4ABD0678DD""width=""300""></img></a>"	image/png	0C464582-2D09-44D0-89AD-6D4ABD0678DD	\\?\R:\temp\private\var\mobile\Library\Caches\com.apple.passd\fsCachedData\0C464582-2D09-44D0-89AD-6D4ABD0678DD
2023-07-09 11:03:51	"<a href="".\Cache Data\fsCachedData\1B0C7C49-FD7C-4CD5-B9AF-889DA3524B30"" target=""_blank""><img src="".\Cache Data\fsCachedData\1B0C7C49-FD7C-4CD5-B9AF-889DA3524B30""width=""300""></img></a>"	image/png	1B0C7C49-FD7C-4CD5-B9AF-889DA3524B30	\\?\R:\temp\private\var\mobile\Library\Caches\com.apple.passd\fsCachedData\1B0C7C49-FD7C-4CD5-B9AF-889DA3524B30
2023-07-09 11:03:51	"<a href="".\Cache Data\fsCachedData\212BA499-AD85-4B1D-8A6D-7C3EA39ADB39"" target=""_blank""><img src="".\Cache Data\fsCachedData\212BA499-AD85-4B1D-8A6D-7C3EA39ADB39""width=""300""></img></a>"	image/png	212BA499-AD85-4B1D-8A6D-7C3EA39ADB39	\\?\R:\temp\private\var\mobile\Library\Caches\com.apple.passd\fsCachedData\212BA499-AD85-4B1D-8A6D-7C3EA39ADB39
2023-07-09 11:03:53	"<a href="".\Cache Data\fsCachedData\3B7D98DD-7955-4BA8-9C03-0F9565113A66"" target=""_blank""><img src="".\Cache Data\fsCachedData\3B7D98DD-7955-4BA8-9C03-0F9565113A66""width=""300""></img></a>"	image/png	3B7D98DD-7955-4BA8-9C03-0F9565113A66	\\?\R:\temp\private\var\mobile\Library\Caches\com.apple.passd\fsCachedData\3B7D98DD-7955-4BA8-9C03-0F9565113A66
2023-07-09 11:03:49	"<a href="".\Cache Data\fsCachedData\3B95C5B7-6D66-443D-A128-6BC8FB2365E4"" target=""_blank""><img src="".\Cache Data\fsCachedData\3B95C5B7-6D66-443D-A128-6BC8FB2365E4""width=""300""></img></a>"	image/png	3B95C5B7-6D66-443D-A128-6BC8FB2365E4	\\?\R:\temp\private\var\mobile\Library\Caches\com.apple.passd\fsCachedData\3B95C5B7-6D66-443D-A128-6BC8FB2365E4
2023-07-09 11:03:55	"<a href="".\Cache Data\fsCachedData\412E2ACF-EB9A-4D99-B7C7-68149DDA109B"" target=""_blank""><img src="".\Cache Data\fsCachedData\412E2ACF-EB9A-4D99-B7C7-68149DDA109B""width=""300""></img></a>"	image/png	412E2ACF-EB9A-4D99-B7C7-68149DDA109B	\\?\R:\temp\private\var\mobile\Library\Caches\com.apple.passd\fsCachedData\412E2ACF-EB9A-4D99-B7C7-68149DDA109B
2023-07-09 11:03:54	"<a href="".\Cache Data\fsCachedData\430351B1-10EC-47B9-9698-D88D3CFE56CB"" target=""_blank""><img src="".\Cache Data\fsCachedData\430351B1-10EC-47B9-9698-D88D3CFE56CB""width=""300""></img></a>"	image/png	430351B1-10EC-47B9-9698-D88D3CFE56CB	\\?\R:\temp\private\var\mobile\Library\Caches\com.apple.passd\fsCachedData\430351B1-10EC-47B9-9698-D88D3CFE56CB
2023-07-09 11:03:51	"<a href="".\Cache Data\fsCachedData\50423029-CF1B-4E0E-9CC7-1EF324E5B4AB"" target=""_blank""><img src="".\Cache Data\fsCachedData\50423029-CF1B-4E0E-9CC7-1EF324E5B4AB""width=""300""></img></a>"	image/png	50423029-CF1B-4E0E-9CC7-1EF324E5B4AB	\\?\R:\temp\private\var\mobile\Library\Caches\com.apple.passd\fsCachedData\50423029-CF1B-4E0E-9CC7-1EF324E5B4AB
2023-07-09 11:03:48	"<a href="".\Cache Data\fsCachedData\53FA600C-C787-4EC4-BDBB-771BCDD59762"" target=""_blank""> Link to text/plain </>"	text/plain	53FA600C-C787-4EC4-BDBB-771BCDD59762	\\?\R:\temp\private\var\mobile\Library\Caches\com.apple.passd\fsCachedData\53FA600C-C787-4EC4-BDBB-771BCDD59762
2023-07-09 11:03:52	"<a href="".\Cache Data\fsCachedData\5F2414B8-552F-4875-9B31-226F56704E4B"" target=""_blank""><img src="".\Cache Data\fsCachedData\5F2414B8-552F-4875-9B31-226F56704E4B""width=""300""></img></a>"	image/png	5F2414B8-552F-4875-9B31-226F56704E4B	\\?\R:\temp\private\var\mobile\Library\Caches\com.apple.passd\fsCachedData\5F2414B8-552F-4875-9B31-226F56704E4B
2023-07-09 11:03:49	"<a href="".\Cache Data\fsCachedData\5F4814F3-92A2-48FC-B050-3100CFBFC238"" target=""_blank""><img src="".\Cache Data\fsCachedData\5F4814F3-92A2-48FC-B050-3100CFBFC238""width=""300""></img></a>"	image/png	5F4814F3-92A2-48FC-B050-3100CFBFC238	\\?\R:\temp\private\var\mobile\Library\Caches\com.apple.passd\fsCachedData\5F4814F3-92A2-48FC-B050-3100CFBFC238
2023-07-09 11:03:50	"<a href="".\Cache Data\fsCachedData\61AD165D-876C-481D-98F5-978C54E019CA"" target=""_blank""><img src="".\Cache Data\fsCachedData\61AD165D-876C-481D-98F5-978C54E019CA""width=""300""></img></a>"	image/png	61AD165D-876C-481D-98F5-978C54E019CA	\\?\R:\temp\private\var\mobile\Library\Caches\com.apple.passd\fsCachedData\61AD165D-876C-481D-98F5-978C54E019CA
2023-07-09 11:03:50	"<a href="".\Cache Data\fsCachedData\73FCB733-2151-4759-B9D6-4A3EACEC1674"" target=""_blank""><img src="".\Cache Data\fsCachedData\73FCB733-2151-4759-B9D6-4A3EACEC1674""width=""300""></img></a>"	image/png	73FCB733-2151-4759-B9D6-4A3EACEC1674	\\?\R:\temp\private\var\mobile\Library\Caches\com.apple.passd\fsCachedData\73FCB733-2151-4759-B9D6-4A3EACEC1674
2023-07-09 11:03:52	"<a href="".\Cache Data\fsCachedData\74837B00-CA32-4050-8304-DC246809A2F5"" target=""_blank""><img src="".\Cache Data\fsCachedData\74837B00-CA32-4050-8304-DC246809A2F5""width=""300""></img></a>"	image/png	74837B00-CA32-4050-8304-DC246809A2F5	\\?\R:\temp\private\var\mobile\Library\Caches\com.apple.passd\fsCachedData\74837B00-CA32-4050-8304-DC246809A2F5
2023-07-09 11:03:52	"<a href="".\Cache Data\fsCachedData\8236D116-FE55-4802-9FDB-9C135655F267"" target=""_blank""><img src="".\Cache Data\fsCachedData\8236D116-FE55-4802-9FDB-9C135655F267""width=""300""></img></a>"	image/png	8236D116-FE55-4802-9FDB-9C135655F267	\\?\R:\temp\private\var\mobile\Library\Caches\com.apple.passd\fsCachedData\8236D116-FE55-4802-9FDB-9C135655F267
2023-07-09 11:03:50	"<a href="".\Cache Data\fsCachedData\88595292-4A77-4E9A-94C8-FABAAF495F91"" target=""_blank""><img src="".\Cache Data\fsCachedData\88595292-4A77-4E9A-94C8-FABAAF495F91""width=""300""></img></a>"	image/png	88595292-4A77-4E9A-94C8-FABAAF495F91	\\?\R:\temp\private\var\mobile\Library\Caches\com.apple.passd\fsCachedData\88595292-4A77-4E9A-94C8-FABAAF495F91
2023-07-09 11:03:51	"<a href="".\Cache Data\fsCachedData\8BD09453-BE18-4FCC-B62C-50B1D56C64AE"" target=""_blank""><img src="".\Cache Data\fsCachedData\8BD09453-BE18-4FCC-B62C-50B1D56C64AE""width=""300""></img></a>"	image/png	8BD09453-BE18-4FCC-B62C-50B1D56C64AE	\\?\R:\temp\private\var\mobile\Library\Caches\com.apple.passd\fsCachedData\8BD09453-BE18-4FCC-B62C-50B1D56C64AE
2023-07-09 11:03:48	"<a href="".\Cache Data\fsCachedData\910EC9DA-D197-4C69-BD4A-31EAB79CFFB9"" target=""_blank""> Link to text/plain </>"	text/plain	910EC9DA-D197-4C69-BD4A-31EAB79CFFB9	\\?\R:\temp\private\var\mobile\Library\Caches\com.apple.passd\fsCachedData\910EC9DA-D197-4C69-BD4A-31EAB79CFFB9
2023-07-09 11:03:49	"<a href="".\Cache Data\fsCachedData\95BC5325-8133-412E-A831-831B4F46AEAE"" target=""_blank""><img src="".\Cache Data\fsCachedData\95BC5325-8133-412E-A831-831B4F46AEAE""width=""300""></img></a>"	image/png	95BC5325-8133-412E-A831-831B4F46AEAE	\\?\R:\temp\private\var\mobile\Library\Caches\com.apple.passd\fsCachedData\95BC5325-8133-412E-A831-831B4F46AEAE
2023-07-09 11:03:54	"<a href="".\Cache Data\fsCachedData\9DF38655-9D38-4108-BDAD-6B5B7AD802D8"" target=""_blank""><img src="".\Cache Data\fsCachedData\9DF38655-9D38-4108-BDAD-6B5B7AD802D8""width=""300""></img></a>"	image/png	9DF38655-9D38-4108-BDAD-6B5B7AD802D8	\\?\R:\temp\private\var\mobile\Library\Caches\com.apple.passd\fsCachedData\9DF38655-9D38-4108-BDAD-6B5B7AD802D8
2023-07-09 11:03:51	"<a href="".\Cache Data\fsCachedData\A1399BED-32D7-4007-A62E-BAA657834B24"" target=""_blank""><img src="".\Cache Data\fsCachedData\A1399BED-32D7-4007-A62E-BAA657834B24""width=""300""></img></a>"	image/png	A1399BED-32D7-4007-A62E-BAA657834B24	\\?\R:\temp\private\var\mobile\Library\Caches\com.apple.passd\fsCachedData\A1399BED-32D7-4007-A62E-BAA657834B24
2023-07-09 11:03:54	"<a href="".\Cache Data\fsCachedData\ABFC266D-DC71-4735-916A-0B1FD58C1D6C"" target=""_blank""><img src="".\Cache Data\fsCachedData\ABFC266D-DC71-4735-916A-0B1FD58C1D6C""width=""300""></img></a>"	image/png	ABFC266D-DC71-4735-916A-0B1FD58C1D6C	\\?\R:\temp\private\var\mobile\Library\Caches\com.apple.passd\fsCachedData\ABFC266D-DC71-4735-916A-0B1FD58C1D6C
2023-07-09 11:03:54	"<a href="".\Cache Data\fsCachedData\AF861A41-D075-4716-AC1C-B22546284689"" target=""_blank""><img src="".\Cache Data\fsCachedData\AF861A41-D075-4716-AC1C-B22546284689""width=""300""></img></a>"	image/png	AF861A41-D075-4716-AC1C-B22546284689	\\?\R:\temp\private\var\mobile\Library\Caches\com.apple.passd\fsCachedData\AF861A41-D075-4716-AC1C-B22546284689
2023-07-09 11:03:54	"<a href="".\Cache Data\fsCachedData\B6E6397A-917C-4598-B32E-C9B18979E10B"" target=""_blank""><img src="".\Cache Data\fsCachedData\B6E6397A-917C-4598-B32E-C9B18979E10B""width=""300""></img></a>"	image/png	B6E6397A-917C-4598-B32E-C9B18979E10B	\\?\R:\temp\private\var\mobile\Library\Caches\com.apple.passd\fsCachedData\B6E6397A-917C-4598-B32E-C9B18979E10B
2023-07-09 11:03:53	"<a href="".\Cache Data\fsCachedData\C19DDE2B-4B66-4975-9724-0091CAF84222"" target=""_blank""><img src="".\Cache Data\fsCachedData\C19DDE2B-4B66-4975-9724-0091CAF84222""width=""300""></img></a>"	image/png	C19DDE2B-4B66-4975-9724-0091CAF84222	\\?\R:\temp\private\var\mobile\Library\Caches\com.apple.passd\fsCachedData\C19DDE2B-4B66-4975-9724-0091CAF84222
2023-07-09 11:03:49	"<a href="".\Cache Data\fsCachedData\CAE0AC2A-CA4D-4955-BA6E-5B3666EF5EC2"" target=""_blank""><img src="".\Cache Data\fsCachedData\CAE0AC2A-CA4D-4955-BA6E-5B3666EF5EC2""width=""300""></img></a>"	image/png	CAE0AC2A-CA4D-4955-BA6E-5B3666EF5EC2	\\?\R:\temp\private\var\mobile\Library\Caches\com.apple.passd\fsCachedData\CAE0AC2A-CA4D-4955-BA6E-5B3666EF5EC2
2023-07-09 11:03:50	"<a href="".\Cache Data\fsCachedData\CC69F0DB-3C73-4ACD-9810-BA74872918DA"" target=""_blank""><img src="".\Cache Data\fsCachedData\CC69F0DB-3C73-4ACD-9810-BA74872918DA""width=""300""></img></a>"	image/png	CC69F0DB-3C73-4ACD-9810-BA74872918DA	\\?\R:\temp\private\var\mobile\Library\Caches\com.apple.passd\fsCachedData\CC69F0DB-3C73-4ACD-9810-BA74872918DA
2023-07-09 06:34:44	"<a href="".\Cache Data\fsCachedData\CCDD705D-4304-4CDF-9199-B078BC708D25"" target=""_blank""> Link to text/plain </>"	text/plain	CCDD705D-4304-4CDF-9199-B078BC708D25	\\?\R:\temp\private\var\mobile\Library\Caches\com.apple.passd\fsCachedData\CCDD705D-4304-4CDF-9199-B078BC708D25
2023-07-09 11:03:54	"<a href="".\Cache Data\fsCachedData\FC2CF221-71B7-4CDF-8290-24EE0BB1D9C0"" target=""_blank""><img src="".\Cache Data\fsCachedData\FC2CF221-71B7-4CDF-8290-24EE0BB1D9C0""width=""300""></img></a>"	image/png	FC2CF221-71B7-4CDF-8290-24EE0BB1D9C0	\\?\R:\temp\private\var\mobile\Library\Caches\com.apple.passd\fsCachedData\FC2CF221-71B7-4CDF-8290-24EE0BB1D9C0
2023-07-09 06:29:21	"<a href="".\Cache Data\fsCachedData\06C40B5F-A97D-45C7-9C0D-1B4590107B18"" target=""_blank""><img src="".\Cache Data\fsCachedData\06C40B5F-A97D-45C7-9C0D-1B4590107B18""width=""300""></img></a>"	image/png	06C40B5F-A97D-45C7-9C0D-1B4590107B18	\\?\R:\temp\private\var\mobile\Library\Caches\com.apple.purplebuddy\fsCachedData\06C40B5F-A97D-45C7-9C0D-1B4590107B18
2023-07-09 06:29:19	"<a href="".\Cache Data\fsCachedData\0BCD5FDD-E55A-48EE-8DEF-DA376DD64BDE"" target=""_blank""> Link to text/plain </>"	text/plain	0BCD5FDD-E55A-48EE-8DEF-DA376DD64BDE	\\?\R:\temp\private\var\mobile\Library\Caches\com.apple.purplebuddy\fsCachedData\0BCD5FDD-E55A-48EE-8DEF-DA376DD64BDE
2023-07-09 06:29:20	"<a href="".\Cache Data\fsCachedData\109F72AF-F0BF-43D5-85D3-25AF1BFC9578"" target=""_blank""><img src="".\Cache Data\fsCachedData\109F72AF-F0BF-43D5-85D3-25AF1BFC9578""width=""300""></img></a>"	image/png	109F72AF-F0BF-43D5-85D3-25AF1BFC9578	\\?\R:\temp\private\var\mobile\Library\Caches\com.apple.purplebuddy\fsCachedData\109F72AF-F0BF-43D5-85D3-25AF1BFC9578
2023-07-09 06:29:20	"<a href="".\Cache Data\fsCachedData\115EAD55-88AA-4C94-9B3E-90D20A77E5B7"" target=""_blank""><img src="".\Cache Data\fsCachedData\115EAD55-88AA-4C94-9B3E-90D20A77E5B7""width=""300""></img></a>"	image/png	115EAD55-88AA-4C94-9B3E-90D20A77E5B7	\\?\R:\temp\private\var\mobile\Library\Caches\com.apple.purplebuddy\fsCachedData\115EAD55-88AA-4C94-9B3E-90D20A77E5B7
2023-07-09 06:29:20	"<a href="".\Cache Data\fsCachedData\1A8531E6-8A13-43E2-92A6-21095EBD760A"" target=""_blank""><img src="".\Cache Data\fsCachedData\1A8531E6-8A13-43E2-92A6-21095EBD760A""width=""300""></img></a>"	image/png	1A8531E6-8A13-43E2-92A6-21095EBD760A	\\?\R:\temp\private\var\mobile\Library\Caches\com.apple.purplebuddy\fsCachedData\1A8531E6-8A13-43E2-92A6-21095EBD760A
2023-07-09 06:29:20	"<a href="".\Cache Data\fsCachedData\1B41D544-CAC0-4DC9-8108-636DBDB15358"" target=""_blank""><img src="".\Cache Data\fsCachedData\1B41D544-CAC0-4DC9-8108-636DBDB15358""width=""300""></img></a>"	image/png	1B41D544-CAC0-4DC9-8108-636DBDB15358	\\?\R:\temp\private\var\mobile\Library\Caches\com.apple.purplebuddy\fsCachedData\1B41D544-CAC0-4DC9-8108-636DBDB15358
2023-07-09 06:34:26	"<a href="".\Cache Data\fsCachedData\23D02374-1697-45CD-87FF-7262DEB711EB"" target=""_blank""> Link to text/plain </>"	text/plain	23D02374-1697-45CD-87FF-7262DEB711EB	\\?\R:\temp\private\var\mobile\Library\Caches\com.apple.purplebuddy\fsCachedData\23D02374-1697-45CD-87FF-7262DEB711EB
2023-07-09 06:29:21	"<a href="".\Cache Data\fsCachedData\3C8D1BAE-BCED-4169-A579-3DCF402E89CE"" target=""_blank""><img src="".\Cache Data\fsCachedData\3C8D1BAE-BCED-4169-A579-3DCF402E89CE""width=""300""></img></a>"	image/png	3C8D1BAE-BCED-4169-A579-3DCF402E89CE	\\?\R:\temp\private\var\mobile\Library\Caches\com.apple.purplebuddy\fsCachedData\3C8D1BAE-BCED-4169-A579-3DCF402E89CE
2023-07-09 06:29:20	"<a href="".\Cache Data\fsCachedData\54440014-31D7-48A5-BEA2-82B515F83F13"" target=""_blank""><img src="".\Cache Data\fsCachedData\54440014-31D7-48A5-BEA2-82B515F83F13""width=""300""></img></a>"	image/png	54440014-31D7-48A5-BEA2-82B515F83F13	\\?\R:\temp\private\var\mobile\Library\Caches\com.apple.purplebuddy\fsCachedData\54440014-31D7-48A5-BEA2-82B515F83F13
2023-07-09 06:29:20	"<a href="".\Cache Data\fsCachedData\59BF5F8A-714D-46FB-940D-071D09485AE3"" target=""_blank""><img src="".\Cache Data\fsCachedData\59BF5F8A-714D-46FB-940D-071D09485AE3""width=""300""></img></a>"	image/png	59BF5F8A-714D-46FB-940D-071D09485AE3	\\?\R:\temp\private\var\mobile\Library\Caches\com.apple.purplebuddy\fsCachedData\59BF5F8A-714D-46FB-940D-071D09485AE3
2023-07-09 06:29:21	"<a href="".\Cache Data\fsCachedData\5DEF224F-1785-4A22-A0E8-59588E86EC02"" target=""_blank""><img src="".\Cache Data\fsCachedData\5DEF224F-1785-4A22-A0E8-59588E86EC02""width=""300""></img></a>"	image/png	5DEF224F-1785-4A22-A0E8-59588E86EC02	\\?\R:\temp\private\var\mobile\Library\Caches\com.apple.purplebuddy\fsCachedData\5DEF224F-1785-4A22-A0E8-59588E86EC02
2023-07-09 06:29:21	"<a href="".\Cache Data\fsCachedData\680BDD21-1119-4CCA-932A-135E1FA4B609"" target=""_blank""><img src="".\Cache Data\fsCachedData\680BDD21-1119-4CCA-932A-135E1FA4B609""width=""300""></img></a>"	image/png	680BDD21-1119-4CCA-932A-135E1FA4B609	\\?\R:\temp\private\var\mobile\Library\Caches\com.apple.purplebuddy\fsCachedData\680BDD21-1119-4CCA-932A-135E1FA4B609
2023-07-09 06:29:21	"<a href="".\Cache Data\fsCachedData\73E62F34-3CF1-4C11-9D83-752A63F4096F"" target=""_blank""><img src="".\Cache Data\fsCachedData\73E62F34-3CF1-4C11-9D83-752A63F4096F""width=""300""></img></a>"	image/png	73E62F34-3CF1-4C11-9D83-752A63F4096F	\\?\R:\temp\private\var\mobile\Library\Caches\com.apple.purplebuddy\fsCachedData\73E62F34-3CF1-4C11-9D83-752A63F4096F
2023-07-09 06:29:20	"<a href="".\Cache Data\fsCachedData\84DB0F53-DD2A-44F7-B49B-9AF570465524"" target=""_blank""><img src="".\Cache Data\fsCachedData\84DB0F53-DD2A-44F7-B49B-9AF570465524""width=""300""></img></a>"	image/png	84DB0F53-DD2A-44F7-B49B-9AF570465524	\\?\R:\temp\private\var\mobile\Library\Caches\com.apple.purplebuddy\fsCachedData\84DB0F53-DD2A-44F7-B49B-9AF570465524
2023-07-09 06:29:21	"<a href="".\Cache Data\fsCachedData\8B713F1E-775C-4435-9A08-96B0FB185C30"" target=""_blank""><img src="".\Cache Data\fsCachedData\8B713F1E-775C-4435-9A08-96B0FB185C30""width=""300""></img></a>"	image/png	8B713F1E-775C-4435-9A08-96B0FB185C30	\\?\R:\temp\private\var\mobile\Library\Caches\com.apple.purplebuddy\fsCachedData\8B713F1E-775C-4435-9A08-96B0FB185C30
2023-07-09 06:29:19	"<a href="".\Cache Data\fsCachedData\932723DD-D582-4101-AFD5-36CCCAE42122"" target=""_blank""><img src="".\Cache Data\fsCachedData\932723DD-D582-4101-AFD5-36CCCAE42122""width=""300""></img></a>"	image/png	932723DD-D582-4101-AFD5-36CCCAE42122	\\?\R:\temp\private\var\mobile\Library\Caches\com.apple.purplebuddy\fsCachedData\932723DD-D582-4101-AFD5-36CCCAE42122
2023-07-09 06:29:21	"<a href="".\Cache Data\fsCachedData\941FF8F5-31AE-4364-A469-6A13991EB3D1"" target=""_blank""><img src="".\Cache Data\fsCachedData\941FF8F5-31AE-4364-A469-6A13991EB3D1""width=""300""></img></a>"	image/png	941FF8F5-31AE-4364-A469-6A13991EB3D1	\\?\R:\temp\private\var\mobile\Library\Caches\com.apple.purplebuddy\fsCachedData\941FF8F5-31AE-4364-A469-6A13991EB3D1
2023-07-09 06:29:20	"<a href="".\Cache Data\fsCachedData\A0CA5C03-3F66-4517-8D9F-A9F1067E20F4"" target=""_blank""><img src="".\Cache Data\fsCachedData\A0CA5C03-3F66-4517-8D9F-A9F1067E20F4""width=""300""></img></a>"	image/png	A0CA5C03-3F66-4517-8D9F-A9F1067E20F4	\\?\R:\temp\private\var\mobile\Library\Caches\com.apple.purplebuddy\fsCachedData\A0CA5C03-3F66-4517-8D9F-A9F1067E20F4
2023-07-09 06:29:21	"<a href="".\Cache Data\fsCachedData\A4062AB1-A9F7-4610-867D-D8D5D17CDC42"" target=""_blank""><img src="".\Cache Data\fsCachedData\A4062AB1-A9F7-4610-867D-D8D5D17CDC42""width=""300""></img></a>"	image/png	A4062AB1-A9F7-4610-867D-D8D5D17CDC42	\\?\R:\temp\private\var\mobile\Library\Caches\com.apple.purplebuddy\fsCachedData\A4062AB1-A9F7-4610-867D-D8D5D17CDC42
2023-07-09 06:29:20	"<a href="".\Cache Data\fsCachedData\B61B9923-5F66-4E51-9784-111512652404"" target=""_blank""><img src="".\Cache Data\fsCachedData\B61B9923-5F66-4E51-9784-111512652404""width=""300""></img></a>"	image/png	B61B9923-5F66-4E51-9784-111512652404	\\?\R:\temp\private\var\mobile\Library\Caches\com.apple.purplebuddy\fsCachedData\B61B9923-5F66-4E51-9784-111512652404
2023-07-09 06:29:20	"<a href="".\Cache Data\fsCachedData\B6296642-C6DD-4C54-AF2F-1F58E7720CDE"" target=""_blank""><img src="".\Cache Data\fsCachedData\B6296642-C6DD-4C54-AF2F-1F58E7720CDE""width=""300""></img></a>"	image/png	B6296642-C6DD-4C54-AF2F-1F58E7720CDE	\\?\R:\temp\private\var\mobile\Library\Caches\com.apple.purplebuddy\fsCachedData\B6296642-C6DD-4C54-AF2F-1F58E7720CDE
2023-07-09 06:29:21	"<a href="".\Cache Data\fsCachedData\B8DBA69E-F57E-43FD-BD98-FB2425022C83"" target=""_blank""><img src="".\Cache Data\fsCachedData\B8DBA69E-F57E-43FD-BD98-FB2425022C83""width=""300""></img></a>"	image/png	B8DBA69E-F57E-43FD-BD98-FB2425022C83	\\?\R:\temp\private\var\mobile\Library\Caches\com.apple.purplebuddy\fsCachedData\B8DBA69E-F57E-43FD-BD98-FB2425022C83
2023-07-09 06:29:19	"<a href="".\Cache Data\fsCachedData\BD01466B-190F-41C7-A516-24972E7E9C98"" target=""_blank""> Link to text/plain </>"	text/plain	BD01466B-190F-41C7-A516-24972E7E9C98	\\?\R:\temp\private\var\mobile\Library\Caches\com.apple.purplebuddy\fsCachedData\BD01466B-190F-41C7-A516-24972E7E9C98
2023-07-09 06:29:21	"<a href="".\Cache Data\fsCachedData\C91ABFF2-6BDA-4681-879D-AE7480F8447D"" target=""_blank""><img src="".\Cache Data\fsCachedData\C91ABFF2-6BDA-4681-879D-AE7480F8447D""width=""300""></img></a>"	image/png	C91ABFF2-6BDA-4681-879D-AE7480F8447D	\\?\R:\temp\private\var\mobile\Library\Caches\com.apple.purplebuddy\fsCachedData\C91ABFF2-6BDA-4681-879D-AE7480F8447D
2023-07-09 06:29:21	"<a href="".\Cache Data\fsCachedData\CD818E5A-9C1B-4601-9EA6-3EC9EC3049A0"" target=""_blank""><img src="".\Cache Data\fsCachedData\CD818E5A-9C1B-4601-9EA6-3EC9EC3049A0""width=""300""></img></a>"	image/png	CD818E5A-9C1B-4601-9EA6-3EC9EC3049A0	\\?\R:\temp\private\var\mobile\Library\Caches\com.apple.purplebuddy\fsCachedData\CD818E5A-9C1B-4601-9EA6-3EC9EC3049A0
2023-07-09 06:29:21	"<a href="".\Cache Data\fsCachedData\DFF099B3-8387-43FF-997B-55D618BAB0BC"" target=""_blank""><img src="".\Cache Data\fsCachedData\DFF099B3-8387-43FF-997B-55D618BAB0BC""width=""300""></img></a>"	image/png	DFF099B3-8387-43FF-997B-55D618BAB0BC	\\?\R:\temp\private\var\mobile\Library\Caches\com.apple.purplebuddy\fsCachedData\DFF099B3-8387-43FF-997B-55D618BAB0BC
2023-07-09 06:29:21	"<a href="".\Cache Data\fsCachedData\E16D732C-E89F-4237-BFFF-B3AD3BE1F4BF"" target=""_blank""><img src="".\Cache Data\fsCachedData\E16D732C-E89F-4237-BFFF-B3AD3BE1F4BF""width=""300""></img></a>"	image/png	E16D732C-E89F-4237-BFFF-B3AD3BE1F4BF	\\?\R:\temp\private\var\mobile\Library\Caches\com.apple.purplebuddy\fsCachedData\E16D732C-E89F-4237-BFFF-B3AD3BE1F4BF
2023-07-09 06:29:20	"<a href="".\Cache Data\fsCachedData\F7456A04-4910-492C-8CC2-AB73FFFB9E70"" target=""_blank""><img src="".\Cache Data\fsCachedData\F7456A04-4910-492C-8CC2-AB73FFFB9E70""width=""300""></img></a>"	image/png	F7456A04-4910-492C-8CC2-AB73FFFB9E70	\\?\R:\temp\private\var\mobile\Library\Caches\com.apple.purplebuddy\fsCachedData\F7456A04-4910-492C-8CC2-AB73FFFB9E70
2023-07-09 06:29:20	"<a href="".\Cache Data\fsCachedData\FE60E9AD-8508-42CD-B4C7-D38ECABABCE0"" target=""_blank""><img src="".\Cache Data\fsCachedData\FE60E9AD-8508-42CD-B4C7-D38ECABABCE0""width=""300""></img></a>"	image/png	FE60E9AD-8508-42CD-B4C7-D38ECABABCE0	\\?\R:\temp\private\var\mobile\Library\Caches\com.apple.purplebuddy\fsCachedData\FE60E9AD-8508-42CD-B4C7-D38ECABABCE0
2023-07-09 11:03:56	"<a href="".\Cache Data\fsCachedData\FB780FFF-23FA-4B9F-A6CD-44BD10A811A8"" target=""_blank""> Link to text/plain </>"	text/plain	FB780FFF-23FA-4B9F-A6CD-44BD10A811A8	\\?\R:\temp\private\var\mobile\Library\Caches\com.apple.watchlistd\fsCachedData\FB780FFF-23FA-4B9F-A6CD-44BD10A811A8
2023-07-10 10:48:48	"<a href="".\Cache Data\fsCachedData\A9471FDF-40B2-4580-840F-D05CB415D43D"" target=""_blank""><img src="".\Cache Data\fsCachedData\A9471FDF-40B2-4580-840F-D05CB415D43D""width=""300""></img></a>"	image/png	A9471FDF-40B2-4580-840F-D05CB415D43D	\\?\R:\temp\private\var\mobile\Library\Caches\com.saurik.Cydia\fsCachedData\A9471FDF-40B2-4580-840F-D05CB415D43D
2023-07-10 10:48:47	"<a href="".\Cache Data\fsCachedData\E61DDCCC-808D-4228-BC22-43969C80B9E9"" target=""_blank""><img src="".\Cache Data\fsCachedData\E61DDCCC-808D-4228-BC22-43969C80B9E9""width=""300""></img></a>"	image/png	E61DDCCC-808D-4228-BC22-43969C80B9E9	\\?\R:\temp\private\var\mobile\Library\Caches\com.saurik.Cydia\fsCachedData\E61DDCCC-808D-4228-BC22-43969C80B9E9
2023-07-09 10:42:17	"<a href="".\Cache Data\fsCachedData\0755F15C-6D66-4F66-AFCB-96D63A8600FD"" target=""_blank""> Link to text/xml </>"	text/xml	0755F15C-6D66-4F66-AFCB-96D63A8600FD	\\?\R:\temp\private\var\mobile\Library\Caches\rtcreportingd\fsCachedData\0755F15C-6D66-4F66-AFCB-96D63A8600FD
2023-07-09 06:48:43	"<a href="".\Cache Data\fsCachedData\5ADCC8FF-21F9-4F23-85BA-9034F60EBFC6"" target=""_blank""> Link to text/xml </>"	text/xml	5ADCC8FF-21F9-4F23-85BA-9034F60EBFC6	\\?\R:\temp\private\var\mobile\Library\Caches\rtcreportingd\fsCachedData\5ADCC8FF-21F9-4F23-85BA-9034F60EBFC6
2023-07-09 06:43:37	"<a href="".\Cache Data\fsCachedData\DFE2DF38-5554-415C-A97C-DB6BE5208D5F"" target=""_blank""> Link to text/xml </>"	text/xml	DFE2DF38-5554-415C-A97C-DB6BE5208D5F	\\?\R:\temp\private\var\mobile\Library\Caches\rtcreportingd\fsCachedData\DFE2DF38-5554-415C-A97C-DB6BE5208D5F
2023-07-09 11:04:28	"<a href="".\Cache Data\fsCachedData\FA23E1B8-3D73-44BE-B1E1-D6A1F1277F92"" target=""_blank""> Link to text/xml </>"	text/xml	FA23E1B8-3D73-44BE-B1E1-D6A1F1277F92	\\?\R:\temp\private\var\mobile\Library\Caches\rtcreportingd\fsCachedData\FA23E1B8-3D73-44BE-B1E1-D6A1F1277F92
2023-07-10 10:47:24	"<a href="".\Cache Data\fsCachedData\E76F351C-F78C-410E-9ABE-4CAEB0962A66"" target=""_blank""> Link to text/xml </>"	text/xml	E76F351C-F78C-410E-9ABE-4CAEB0962A66	\\?\R:\temp\private\var\mobile\Library\Caches\sharedCaches\com.apple.iTunesStore.NSURLCache\fsCachedData\E76F351C-F78C-410E-9ABE-4CAEB0962A66
2023-07-09 06:34:38	"<a href="".\Cache Data\fsCachedData\31F0E3B9-FEF5-4500-891F-FC23CDD38891"" target=""_blank""> Link to text/plain </>"	text/plain	31F0E3B9-FEF5-4500-891F-FC23CDD38891	\\?\R:\temp\private\var\root\Library\Caches\com.apple.mobileassetd\fsCachedData\31F0E3B9-FEF5-4500-891F-FC23CDD38891
